"NAMA_DM: ""PEKAN KEPONG"""," ""PAR_LAMA"": ""114"""," ""DUN_LAMA"": ""00"""," ""DM_LAMA"": ""06"""," ""PENGUNDI"": 3534"," ""KODPAR"": ""114"""," ""PAR_BARU"": ""KEPONG"""," ""KODDUN"": ""00"""," ""DUN_BARU"": null"," ""KODDM"": ""09"""," ""DM_BARU"": ""PEKAN KEPONG"""," ""PENGUNDI_B"": 3419"," ""NAMA_LAMA"": ""114\/00\/06""																				"
"NAMA_DM: ""KAMPONG MELAYU KEPONG"""," ""PAR_LAMA"": ""114"""," ""DUN_LAMA"": ""00"""," ""DM_LAMA"": ""01"""," ""PENGUNDI"": 4916"," ""KODPAR"": ""114"""," ""PAR_BARU"": ""KEPONG"""," ""KODDUN"": ""00"""," ""DUN_BARU"": null"," ""KODDM"": ""01"""," ""DM_BARU"": ""KAMPONG MELAYU KEPONG"""," ""PENGUNDI_B"": 4869"," ""NAMA_LAMA"": ""114\/00\/01""																"
"NAMA_DM: ""JINJANG TEMPATAN KEDUA"""," ""PAR_LAMA"": ""114"""," ""DUN_LAMA"": ""00"""," ""DM_LAMA"": ""03"""," ""PENGUNDI"": 3781"," ""KODPAR"": ""114"""," ""PAR_BARU"": ""KEPONG"""," ""KODDUN"": ""00"""," ""DUN_BARU"": null"," ""KODDM"": ""03"""," ""DM_BARU"": ""JINJANG TEMPATAN KEDUA"""," ""PENGUNDI_B"": 3680"," ""NAMA_LAMA"": ""114\/00\/03""															"
"NAMA_DM: ""JINJANG TEMPATAN PERTAMA"""," ""PAR_LAMA"": ""114"""," ""DUN_LAMA"": ""00"""," ""DM_LAMA"": ""02"""," ""PENGUNDI"": 3132"," ""KODPAR"": ""114"""," ""PAR_BARU"": ""KEPONG"""," ""KODDUN"": ""00"""," ""DUN_BARU"": null"," ""KODDM"": ""02"""," ""DM_BARU"": ""JINJANG TEMPATAN PERTAMA"""," ""PENGUNDI_B"": 3042"," ""NAMA_LAMA"": ""114\/00\/02""														"
"NAMA_DM: ""JINJANG TEMPATAN KETIGA"""," ""PAR_LAMA"": ""114"""," ""DUN_LAMA"": ""00"""," ""DM_LAMA"": ""04"""," ""PENGUNDI"": 4082"," ""KODPAR"": ""114"""," ""PAR_BARU"": ""KEPONG"""," ""KODDUN"": ""00"""," ""DUN_BARU"": null"," ""KODDM"": ""04"""," ""DM_BARU"": ""JINJANG TEMPATAN KETIGA"""," ""PENGUNDI_B"": 4061"," ""NAMA_LAMA"": ""114\/00\/04""															"
"NAMA_DM: ""JINJANG TEMPATAN KEEMPAT"""," ""PAR_LAMA"": ""114"""," ""DUN_LAMA"": ""00"""," ""DM_LAMA"": ""05"""," ""PENGUNDI"": 2358"," ""KODPAR"": ""114"""," ""PAR_BARU"": ""KEPONG"""," ""KODDUN"": ""00"""," ""DUN_BARU"": null"," ""KODDM"": ""05"""," ""DM_BARU"": ""JINJANG TEMPATAN KEEMPAT"""," ""PENGUNDI_B"": 2172"," ""NAMA_LAMA"": ""114\/00\/05""														"
"NAMA_DM: ""TAMAN KEPONG"""," ""PAR_LAMA"": ""114"""," ""DUN_LAMA"": ""00"""," ""DM_LAMA"": ""12"""," ""PENGUNDI"": 8645"," ""KODPAR"": ""114"""," ""PAR_BARU"": ""KEPONG"""," ""KODDUN"": ""00"""," ""DUN_BARU"": null"," ""KODDM"": ""10"""," ""DM_BARU"": ""TAMAN KEPONG"""," ""PENGUNDI_B"": 7654"," ""NAMA_LAMA"": ""114\/00\/12""																				"
"NAMA_DM: ""JINJANG TENGAH"""," ""PAR_LAMA"": ""114"""," ""DUN_LAMA"": ""00"""," ""DM_LAMA"": ""07"""," ""PENGUNDI"": 3179"," ""KODPAR"": ""114"""," ""PAR_BARU"": ""KEPONG"""," ""KODDUN"": ""00"""," ""DUN_BARU"": null"," ""KODDM"": ""06"""," ""DM_BARU"": ""JINJANG TENGAH"""," ""PENGUNDI_B"": 3126"," ""NAMA_LAMA"": ""114\/00\/07""																			"
"NAMA_DM: ""JINJANG TEMPATAN UTARA"""," ""PAR_LAMA"": ""114"""," ""DUN_LAMA"": ""00"""," ""DM_LAMA"": ""08"""," ""PENGUNDI"": 3081"," ""KODPAR"": ""114"""," ""PAR_BARU"": ""KEPONG"""," ""KODDUN"": ""00"""," ""DUN_BARU"": null"," ""KODDM"": ""07"""," ""DM_BARU"": ""JINJANG TEMPATAN UTARA"""," ""PENGUNDI_B"": 3113"," ""NAMA_LAMA"": ""114\/00\/08""															"
"NAMA_DM: ""KEPONG BARU BARAT"""," ""PAR_LAMA"": ""114"""," ""DUN_LAMA"": ""00"""," ""DM_LAMA"": ""13"""," ""PENGUNDI"": 3603"," ""KODPAR"": ""114"""," ""PAR_BARU"": ""KEPONG"""," ""KODDUN"": ""00"""," ""DUN_BARU"": null"," ""KODDM"": ""11"""," ""DM_BARU"": ""KEPONG BARU BARAT"""," ""PENGUNDI_B"": 4253"," ""NAMA_LAMA"": ""114\/00\/13""																		"
"NAMA_DM: ""KEPONG UTARA"""," ""PAR_LAMA"": ""114"""," ""DUN_LAMA"": ""00"""," ""DM_LAMA"": ""14"""," ""PENGUNDI"": 2815"," ""KODPAR"": ""114"""," ""PAR_BARU"": ""KEPONG"""," ""KODDUN"": ""00"""," ""DUN_BARU"": null"," ""KODDM"": ""12"""," ""DM_BARU"": ""KEPONG UTARA"""," ""PENGUNDI_B"": 2653"," ""NAMA_LAMA"": ""114\/00\/14""																				"
"NAMA_DM: ""JINJANG UTARA"""," ""PAR_LAMA"": ""114"""," ""DUN_LAMA"": ""00"""," ""DM_LAMA"": ""19"""," ""PENGUNDI"": 3613"," ""KODPAR"": ""114"""," ""PAR_BARU"": ""KEPONG"""," ""KODDUN"": ""00"""," ""DUN_BARU"": null"," ""KODDM"": ""08"""," ""DM_BARU"": ""JINJANG UTARA"""," ""PENGUNDI_B"": 3667"," ""NAMA_LAMA"": ""114\/00\/19""																				"
"NAMA_DM: ""KEPONG BARU TENGAH"""," ""PAR_LAMA"": ""114"""," ""DUN_LAMA"": ""00"""," ""DM_LAMA"": ""20"""," ""PENGUNDI"": 2862"," ""KODPAR"": ""114"""," ""PAR_BARU"": ""KEPONG"""," ""KODDUN"": ""00"""," ""DUN_BARU"": null"," ""KODDM"": ""16"""," ""DM_BARU"": ""KEPONG BARU TENGAH"""," ""PENGUNDI_B"": 2748"," ""NAMA_LAMA"": ""114\/00\/20""																	"
"NAMA_DM: ""KEPONG SELATAN"""," ""PAR_LAMA"": ""114"""," ""DUN_LAMA"": ""00"""," ""DM_LAMA"": ""18"""," ""PENGUNDI"": 2413"," ""KODPAR"": ""114"""," ""PAR_BARU"": ""KEPONG"""," ""KODDUN"": ""00"""," ""DUN_BARU"": null"," ""KODDM"": ""15"""," ""DM_BARU"": ""KEPONG SELATAN"""," ""PENGUNDI_B"": 2457"," ""NAMA_LAMA"": ""114\/00\/18""																			"
"NAMA_DM: ""JINJANG TEMPATAN KESEPULUH"""," ""PAR_LAMA"": ""114"""," ""DUN_LAMA"": ""00"""," ""DM_LAMA"": ""15"""," ""PENGUNDI"": 3666"," ""KODPAR"": ""114"""," ""PAR_BARU"": ""KEPONG"""," ""KODDUN"": ""00"""," ""DUN_BARU"": null"," ""KODDM"": ""13"""," ""DM_BARU"": ""JINJANG TEMPATAN KESEPULUH"""," ""PENGUNDI_B"": 3836"," ""NAMA_LAMA"": ""114\/00\/15""													"
"NAMA_DM: ""JINJANG TEMPATAN KESEBELAS"""," ""PAR_LAMA"": ""114"""," ""DUN_LAMA"": ""00"""," ""DM_LAMA"": ""16"""," ""PENGUNDI"": 3836"," ""KODPAR"": ""114"""," ""PAR_BARU"": ""KEPONG"""," ""KODDUN"": ""00"""," ""DUN_BARU"": null"," ""KODDM"": ""14"""," ""DM_BARU"": ""JINJANG TEMPATAN KESEBELAS"""," ""PENGUNDI_B"": 4504"," ""NAMA_LAMA"": ""114\/00\/16""													"
"NAMA_DM: ""KEPONG BARU TIMOR"""," ""PAR_LAMA"": ""114"""," ""DUN_LAMA"": ""00"""," ""DM_LAMA"": ""17"""," ""PENGUNDI"": 3926"," ""KODPAR"": ""114"""," ""PAR_BARU"": ""KEPONG"""," ""KODDUN"": ""00"""," ""DUN_BARU"": null"," ""KODDM"": ""17"""," ""DM_BARU"": ""KEPONG BARU TIMOR"""," ""PENGUNDI_B"": 3506"," ""NAMA_LAMA"": ""114\/00\/17""																		"
"NAMA_DM: ""KEPONG BARU TAMBAHAN"""," ""PAR_LAMA"": ""114"""," ""DUN_LAMA"": ""00"""," ""DM_LAMA"": ""21"""," ""PENGUNDI"": 4715"," ""KODPAR"": ""114"""," ""PAR_BARU"": ""KEPONG"""," ""KODDUN"": ""00"""," ""DUN_BARU"": null"," ""KODDM"": ""18"""," ""DM_BARU"": ""KEPONG BARU TAMBAHAN"""," ""PENGUNDI_B"": 5326"," ""NAMA_LAMA"": ""114\/00\/21""																"
"NAMA_DM: ""JINJANG TEMPATAN KEDUABELAS"""," ""PAR_LAMA"": ""115"""," ""DUN_LAMA"": ""00"""," ""DM_LAMA"": ""08"""," ""PENGUNDI"": 3563"," ""KODPAR"": ""114"""," ""PAR_BARU"": ""KEPONG"""," ""KODDUN"": ""00"""," ""DUN_BARU"": null"," ""KODDM"": ""19"""," ""DM_BARU"": ""JINJANG TEMPATAN KEDUABELAS"""," ""PENGUNDI_B"": 2490"," ""NAMA_LAMA"": ""115\/00\/08""													"
"NAMA_DM: ""KAMPONG SELAYANG LAMA"""," ""PAR_LAMA"": ""115"""," ""DUN_LAMA"": ""00"""," ""DM_LAMA"": ""01"""," ""PENGUNDI"": 895"," ""KODPAR"": ""115"""," ""PAR_BARU"": ""BATU"""," ""KODDUN"": ""00"""," ""DUN_BARU"": null"," ""KODDM"": ""03"""," ""DM_BARU"": ""KAMPONG SELAYANG LAMA"""," ""PENGUNDI_B"": 884"," ""NAMA_LAMA"": ""115\/00\/01""																	"
"NAMA_DM: ""PEKAN BATU"""," ""PAR_LAMA"": ""115"""," ""DUN_LAMA"": ""00"""," ""DM_LAMA"": ""03"""," ""PENGUNDI"": 3580"," ""KODPAR"": ""115"""," ""PAR_BARU"": ""BATU"""," ""KODDUN"": ""00"""," ""DUN_BARU"": null"," ""KODDM"": ""10"""," ""DM_BARU"": ""PEKAN BATU"""," ""PENGUNDI_B"": 3444"," ""NAMA_LAMA"": ""115\/00\/03""																						"
"NAMA_DM: ""TAMAN INTAN BAIDURI"""," ""PAR_LAMA"": ""115"""," ""DUN_LAMA"": ""00"""," ""DM_LAMA"": ""20"""," ""PENGUNDI"": 2659"," ""KODPAR"": ""115"""," ""PAR_BARU"": ""BATU"""," ""KODDUN"": ""00"""," ""DUN_BARU"": null"," ""KODDM"": ""01"""," ""DM_BARU"": ""TAMAN INTAN BAIDURI"""," ""PENGUNDI_B"": 2869"," ""NAMA_LAMA"": ""115\/00\/20""																	"
"NAMA_DM: ""TAMAN BATU MUDA"""," ""PAR_LAMA"": ""115"""," ""DUN_LAMA"": ""00"""," ""DM_LAMA"": ""04"""," ""PENGUNDI"": 4692"," ""KODPAR"": ""115"""," ""PAR_BARU"": ""BATU"""," ""KODDUN"": ""00"""," ""DUN_BARU"": null"," ""KODDM"": ""07"""," ""DM_BARU"": ""TAMAN BATU MUDA"""," ""PENGUNDI_B"": 2786"," ""NAMA_LAMA"": ""115\/00\/04""																			"
"NAMA_DM: ""TAMAN BATU PERMAI"""," ""PAR_LAMA"": ""115"""," ""DUN_LAMA"": ""00"""," ""DM_LAMA"": ""25"""," ""PENGUNDI"": 3139"," ""KODPAR"": ""115"""," ""PAR_BARU"": ""BATU"""," ""KODDUN"": ""00"""," ""DUN_BARU"": null"," ""KODDM"": ""06"""," ""DM_BARU"": ""TAMAN BATU PERMAI"""," ""PENGUNDI_B"": 3087"," ""NAMA_LAMA"": ""115\/00\/25""																		"
"NAMA_DM: ""CHANGKAT"""," ""PAR_LAMA"": ""115"""," ""DUN_LAMA"": ""00"""," ""DM_LAMA"": ""05"""," ""PENGUNDI"": 3354"," ""KODPAR"": ""116"""," ""PAR_BARU"": ""WANGSA MAJU"""," ""KODDUN"": ""00"""," ""DUN_BARU"": null"," ""KODDM"": ""19"""," ""DM_BARU"": ""CHANGKAT"""," ""PENGUNDI_B"": 3270"," ""NAMA_LAMA"": ""115\/00\/05""																					"
"NAMA_DM: ""BATU MUDA"""," ""PAR_LAMA"": ""115"""," ""DUN_LAMA"": ""00"""," ""DM_LAMA"": ""06"""," ""PENGUNDI"": 3277"," ""KODPAR"": ""115"""," ""PAR_BARU"": ""BATU"""," ""KODDUN"": ""00"""," ""DUN_BARU"": null"," ""KODDM"": ""09"""," ""DM_BARU"": ""BATU MUDA"""," ""PENGUNDI_B"": 2086"," ""NAMA_LAMA"": ""115\/00\/06""																						"
"NAMA_DM: ""KAMPONG PADANG BALANG"""," ""PAR_LAMA"": ""115"""," ""DUN_LAMA"": ""00"""," ""DM_LAMA"": ""07"""," ""PENGUNDI"": 4021"," ""KODPAR"": ""116"""," ""PAR_BARU"": ""WANGSA MAJU"""," ""KODDUN"": ""00"""," ""DUN_BARU"": null"," ""KODDM"": ""20"""," ""DM_BARU"": ""KAMPONG PADANG BALANG"""," ""PENGUNDI_B"": 4105"," ""NAMA_LAMA"": ""115\/00\/07""															"
"NAMA_DM: ""TAMAN WAHYU"""," ""PAR_LAMA"": ""115"""," ""DUN_LAMA"": ""00"""," ""DM_LAMA"": ""02"""," ""PENGUNDI"": 3523"," ""KODPAR"": ""115"""," ""PAR_BARU"": ""BATU"""," ""KODDUN"": ""00"""," ""DUN_BARU"": null"," ""KODDM"": ""05"""," ""DM_BARU"": ""TAMAN WAHYU"""," ""PENGUNDI_B"": 3653"," ""NAMA_LAMA"": ""115\/00\/02""																					"
"NAMA_DM: ""BATU KANTOMEN"""," ""PAR_LAMA"": ""115"""," ""DUN_LAMA"": ""00"""," ""DM_LAMA"": ""09"""," ""PENGUNDI"": 4897"," ""KODPAR"": ""115"""," ""PAR_BARU"": ""BATU"""," ""KODDUN"": ""00"""," ""DUN_BARU"": null"," ""KODDM"": ""11"""," ""DM_BARU"": ""BATU KANTOMEN"""," ""PENGUNDI_B"": 4828"," ""NAMA_LAMA"": ""115\/00\/09""																				"
"NAMA_DM: ""TAMAN RAINBOW"""," ""PAR_LAMA"": ""115"""," ""DUN_LAMA"": ""00"""," ""DM_LAMA"": ""10"""," ""PENGUNDI"": 3030"," ""KODPAR"": ""115"""," ""PAR_BARU"": ""BATU"""," ""KODDUN"": ""00"""," ""DUN_BARU"": null"," ""KODDM"": ""14"""," ""DM_BARU"": ""TAMAN RAINBOW"""," ""PENGUNDI_B"": 2930"," ""NAMA_LAMA"": ""115\/00\/10""																				"
"NAMA_DM: ""SENTUL TENGAH"""," ""PAR_LAMA"": ""115"""," ""DUN_LAMA"": ""00"""," ""DM_LAMA"": ""12"""," ""PENGUNDI"": 4971"," ""KODPAR"": ""115"""," ""PAR_BARU"": ""BATU"""," ""KODDUN"": ""00"""," ""DUN_BARU"": null"," ""KODDM"": ""17"""," ""DM_BARU"": ""SENTUL TENGAH"""," ""PENGUNDI_B"": 4926"," ""NAMA_LAMA"": ""115\/00\/12""																				"
"NAMA_DM: ""TAMAN MILLION"""," ""PAR_LAMA"": ""115"""," ""DUN_LAMA"": ""00"""," ""DM_LAMA"": ""22"""," ""PENGUNDI"": 1839"," ""KODPAR"": ""115"""," ""PAR_BARU"": ""BATU"""," ""KODDUN"": ""00"""," ""DUN_BARU"": null"," ""KODDM"": ""15"""," ""DM_BARU"": ""TAMAN MILLION"""," ""PENGUNDI_B"": 1823"," ""NAMA_LAMA"": ""115\/00\/22""																				"
"NAMA_DM: ""SENTUL PASAR"""," ""PAR_LAMA"": ""115"""," ""DUN_LAMA"": ""00"""," ""DM_LAMA"": ""11"""," ""PENGUNDI"": 2591"," ""KODPAR"": ""115"""," ""PAR_BARU"": ""BATU"""," ""KODDUN"": ""00"""," ""DUN_BARU"": null"," ""KODDM"": ""16"""," ""DM_BARU"": ""SENTUL PASAR"""," ""PENGUNDI_B"": 2307"," ""NAMA_LAMA"": ""115\/00\/11""																					"
"NAMA_DM: ""SENTUL JAYA"""," ""PAR_LAMA"": ""115"""," ""DUN_LAMA"": ""00"""," ""DM_LAMA"": ""23"""," ""PENGUNDI"": 2186"," ""KODPAR"": ""115"""," ""PAR_BARU"": ""BATU"""," ""KODDUN"": ""00"""," ""DUN_BARU"": null"," ""KODDM"": ""13"""," ""DM_BARU"": ""SENTUL JAYA"""," ""PENGUNDI_B"": 2157"," ""NAMA_LAMA"": ""115\/00\/23""																					"
"NAMA_DM: ""SENTUL UTARA"""," ""PAR_LAMA"": ""115"""," ""DUN_LAMA"": ""00"""," ""DM_LAMA"": ""13"""," ""PENGUNDI"": 5815"," ""KODPAR"": ""115"""," ""PAR_BARU"": ""BATU"""," ""KODDUN"": ""00"""," ""DUN_BARU"": null"," ""KODDM"": ""12"""," ""DM_BARU"": ""SENTUL UTARA"""," ""PENGUNDI_B"": 6254"," ""NAMA_LAMA"": ""115\/00\/13""																					"
"NAMA_DM: ""KOLAM AYER"""," ""PAR_LAMA"": ""115"""," ""DUN_LAMA"": ""00"""," ""DM_LAMA"": ""18"""," ""PENGUNDI"": 2950"," ""KODPAR"": ""117"""," ""PAR_BARU"": ""SEGAMBUT"""," ""KODDUN"": ""00"""," ""DUN_BARU"": null"," ""KODDM"": ""26"""," ""DM_BARU"": ""KOLAM AYER"""," ""PENGUNDI_B"": 2970"," ""NAMA_LAMA"": ""115\/00\/18""																					"
"NAMA_DM: ""KAMPONG KOVIL UTARA"""," ""PAR_LAMA"": ""115"""," ""DUN_LAMA"": ""00"""," ""DM_LAMA"": ""14"""," ""PENGUNDI"": 1981"," ""KODPAR"": ""115"""," ""PAR_BARU"": ""BATU"""," ""KODDUN"": ""00"""," ""DUN_BARU"": null"," ""KODDM"": ""21"""," ""DM_BARU"": ""KAMPONG KOVIL UTARA"""," ""PENGUNDI_B"": 1945"," ""NAMA_LAMA"": ""115\/00\/14""																	"
"NAMA_DM: ""BANDAR BARU SENTUL"""," ""PAR_LAMA"": ""115"""," ""DUN_LAMA"": ""00"""," ""DM_LAMA"": ""15"""," ""PENGUNDI"": 4650"," ""KODPAR"": ""115"""," ""PAR_BARU"": ""BATU"""," ""KODDUN"": ""00"""," ""DUN_BARU"": null"," ""KODDM"": ""18"""," ""DM_BARU"": ""BANDAR BARU SENTUL"""," ""PENGUNDI_B"": 5013"," ""NAMA_LAMA"": ""115\/00\/15""																		"
"NAMA_DM: ""SENTUL SELATAN"""," ""PAR_LAMA"": ""115"""," ""DUN_LAMA"": ""00"""," ""DM_LAMA"": ""16"""," ""PENGUNDI"": 3358"," ""KODPAR"": ""115"""," ""PAR_BARU"": ""BATU"""," ""KODDUN"": ""00"""," ""DUN_BARU"": null"," ""KODDM"": ""20"""," ""DM_BARU"": ""SENTUL SELATAN"""," ""PENGUNDI_B"": 3319"," ""NAMA_LAMA"": ""115\/00\/16""																				"
"NAMA_DM: ""RUMAH PANGSA SRI PERAK"""," ""PAR_LAMA"": ""115"""," ""DUN_LAMA"": ""00"""," ""DM_LAMA"": ""19"""," ""PENGUNDI"": 4487"," ""KODPAR"": ""115"""," ""PAR_BARU"": ""BATU"""," ""KODDUN"": ""00"""," ""DUN_BARU"": null"," ""KODDM"": ""19"""," ""DM_BARU"": ""RUMAH PANGSA SRI PERAK"""," ""PENGUNDI_B"": 4149"," ""NAMA_LAMA"": ""115\/00\/19""																"
"NAMA_DM: ""KAMPONG KOVIL SELATAN"""," ""PAR_LAMA"": ""115"""," ""DUN_LAMA"": ""00"""," ""DM_LAMA"": ""17"""," ""PENGUNDI"": 3311"," ""KODPAR"": ""115"""," ""PAR_BARU"": ""BATU"""," ""KODDUN"": ""00"""," ""DUN_BARU"": null"," ""KODDM"": ""22"""," ""DM_BARU"": ""KAMPONG KOVIL SELATAN"""," ""PENGUNDI_B"": 3182"," ""NAMA_LAMA"": ""115\/00\/17""																"
"NAMA_DM: ""TAMAN BERINGIN"""," ""PAR_LAMA"": ""115"""," ""DUN_LAMA"": ""00"""," ""DM_LAMA"": ""21"""," ""PENGUNDI"": 3481"," ""KODPAR"": ""115"""," ""PAR_BARU"": ""BATU"""," ""KODDUN"": ""00"""," ""DUN_BARU"": null"," ""KODDM"": ""04"""," ""DM_BARU"": ""TAMAN BERINGIN"""," ""PENGUNDI_B"": 3610"," ""NAMA_LAMA"": ""115\/00\/21""																				"
"NAMA_DM: ""TAMAN SRI MURNI"""," ""PAR_LAMA"": ""115"""," ""DUN_LAMA"": ""00"""," ""DM_LAMA"": ""24"""," ""PENGUNDI"": 3286"," ""KODPAR"": ""115"""," ""PAR_BARU"": ""BATU"""," ""KODDUN"": ""00"""," ""DUN_BARU"": null"," ""KODDM"": ""02"""," ""DM_BARU"": ""TAMAN SRI MURNI"""," ""PENGUNDI_B"": 3330"," ""NAMA_LAMA"": ""115\/00\/24""																			"
"NAMA_DM: ""RUMAH PANGSA DEWAN BANDARAYA GOMBAK"""," ""PAR_LAMA"": ""116"""," ""DUN_LAMA"": ""00"""," ""DM_LAMA"": ""12"""," ""PENGUNDI"": 5451"," ""KODPAR"": ""116"""," ""PAR_BARU"": ""WANGSA MAJU"""," ""KODDUN"": ""00"""," ""DUN_BARU"": null"," ""KODDM"": ""03"""," ""DM_BARU"": ""RUMAH PANGSA DEWAN BANDARAYA GOMBAK"""," ""PENGUNDI_B"": 6124"," ""NAMA_LAMA"": ""116\/00\/12""								"
"NAMA_DM: ""FLAT TAMAN MELATI"""," ""PAR_LAMA"": ""116"""," ""DUN_LAMA"": ""00"""," ""DM_LAMA"": ""17"""," ""PENGUNDI"": 3345"," ""KODPAR"": ""116"""," ""PAR_BARU"": ""WANGSA MAJU"""," ""KODDUN"": ""00"""," ""DUN_BARU"": null"," ""KODDM"": ""01"""," ""DM_BARU"": ""FLAT TAMAN MELATI"""," ""PENGUNDI_B"": 3348"," ""NAMA_LAMA"": ""116\/00\/17""																	"
"NAMA_DM: ""TAMAN MELATI"""," ""PAR_LAMA"": ""116"""," ""DUN_LAMA"": ""00"""," ""DM_LAMA"": ""01"""," ""PENGUNDI"": 2464"," ""KODPAR"": ""116"""," ""PAR_BARU"": ""WANGSA MAJU"""," ""KODDUN"": ""00"""," ""DUN_BARU"": null"," ""KODDM"": ""02"""," ""DM_BARU"": ""TAMAN MELATI"""," ""PENGUNDI_B"": 2548"," ""NAMA_LAMA"": ""116\/00\/01""																			"
"NAMA_DM: ""TAMAN DESA SETAPAK"""," ""PAR_LAMA"": ""116"""," ""DUN_LAMA"": ""00"""," ""DM_LAMA"": ""15"""," ""PENGUNDI"": 3292"," ""KODPAR"": ""116"""," ""PAR_BARU"": ""WANGSA MAJU"""," ""KODDUN"": ""00"""," ""DUN_BARU"": null"," ""KODDM"": ""15"""," ""DM_BARU"": ""TAMAN DESA SETAPAK"""," ""PENGUNDI_B"": 3270"," ""NAMA_LAMA"": ""116\/00\/15""																"
"NAMA_DM: ""TAMAN IBU KOTA"""," ""PAR_LAMA"": ""116"""," ""DUN_LAMA"": ""00"""," ""DM_LAMA"": ""02"""," ""PENGUNDI"": 4159"," ""KODPAR"": ""116"""," ""PAR_BARU"": ""WANGSA MAJU"""," ""KODDUN"": ""00"""," ""DUN_BARU"": null"," ""KODDM"": ""08"""," ""DM_BARU"": ""TAMAN IBU KOTA"""," ""PENGUNDI_B"": 3385"," ""NAMA_LAMA"": ""116\/00\/02""																		"
"NAMA_DM: ""GOMBAK UTARA"""," ""PAR_LAMA"": ""116"""," ""DUN_LAMA"": ""00"""," ""DM_LAMA"": ""03"""," ""PENGUNDI"": 3899"," ""KODPAR"": ""116"""," ""PAR_BARU"": ""WANGSA MAJU"""," ""KODDUN"": ""00"""," ""DUN_BARU"": null"," ""KODDM"": ""04"""," ""DM_BARU"": ""GOMBAK UTARA"""," ""PENGUNDI_B"": 3836"," ""NAMA_LAMA"": ""116\/00\/03""																			"
"NAMA_DM: ""GENTING KELANG"""," ""PAR_LAMA"": ""116"""," ""DUN_LAMA"": ""00"""," ""DM_LAMA"": ""04"""," ""PENGUNDI"": 4873"," ""KODPAR"": ""116"""," ""PAR_BARU"": ""WANGSA MAJU"""," ""KODDUN"": ""00"""," ""DUN_BARU"": null"," ""KODDM"": ""13"""," ""DM_BARU"": ""GENTING KELANG"""," ""PENGUNDI_B"": 4676"," ""NAMA_LAMA"": ""116\/00\/04""																		"
"NAMA_DM: ""SEKSYEN 2 WANGSA MAJU"""," ""PAR_LAMA"": ""116"""," ""DUN_LAMA"": ""00"""," ""DM_LAMA"": ""06"""," ""PENGUNDI"": 5507"," ""KODPAR"": ""116"""," ""PAR_BARU"": ""WANGSA MAJU"""," ""KODDUN"": ""00"""," ""DUN_BARU"": null"," ""KODDM"": ""16"""," ""DM_BARU"": ""SEKSYEN 2 WANGSA MAJU"""," ""PENGUNDI_B"": 5450"," ""NAMA_LAMA"": ""116\/00\/06""															"
"NAMA_DM: ""SEKSYEN 1 WANGSA MAJU"""," ""PAR_LAMA"": ""116"""," ""DUN_LAMA"": ""00"""," ""DM_LAMA"": ""09"""," ""PENGUNDI"": 7589"," ""KODPAR"": ""116"""," ""PAR_BARU"": ""WANGSA MAJU"""," ""KODDUN"": ""00"""," ""DUN_BARU"": null"," ""KODDM"": ""18"""," ""DM_BARU"": ""SEKSYEN 1 WANGSA MAJU"""," ""PENGUNDI_B"": 7564"," ""NAMA_LAMA"": ""116\/00\/09""															"
"NAMA_DM: ""SEKSYEN 4 WANGSA MAJU"""," ""PAR_LAMA"": ""116"""," ""DUN_LAMA"": ""00"""," ""DM_LAMA"": ""07"""," ""PENGUNDI"": 2073"," ""KODPAR"": ""116"""," ""PAR_BARU"": ""WANGSA MAJU"""," ""KODDUN"": ""00"""," ""DUN_BARU"": null"," ""KODDM"": ""17"""," ""DM_BARU"": ""SEKSYEN 4 WANGSA MAJU"""," ""PENGUNDI_B"": 2052"," ""NAMA_LAMA"": ""116\/00\/07""															"
"NAMA_DM: ""TAMAN WANGSA MELAWATI"""," ""PAR_LAMA"": ""116"""," ""DUN_LAMA"": ""00"""," ""DM_LAMA"": ""16"""," ""PENGUNDI"": 3342"," ""KODPAR"": ""116"""," ""PAR_BARU"": ""WANGSA MAJU"""," ""KODDUN"": ""00"""," ""DUN_BARU"": null"," ""KODDM"": ""14"""," ""DM_BARU"": ""TAMAN WANGSA MELAWATI"""," ""PENGUNDI_B"": 3384"," ""NAMA_LAMA"": ""116\/00\/16""															"
"NAMA_DM: ""GOMBAK SELATAN"""," ""PAR_LAMA"": ""116"""," ""DUN_LAMA"": ""00"""," ""DM_LAMA"": ""08"""," ""PENGUNDI"": 3584"," ""KODPAR"": ""116"""," ""PAR_BARU"": ""WANGSA MAJU"""," ""KODDUN"": ""00"""," ""DUN_BARU"": null"," ""KODDM"": ""05"""," ""DM_BARU"": ""GOMBAK SELATAN"""," ""PENGUNDI_B"": 3460"," ""NAMA_LAMA"": ""116\/00\/08""																		"
"NAMA_DM: ""KAMPONG PUAH"""," ""PAR_LAMA"": ""116"""," ""DUN_LAMA"": ""00"""," ""DM_LAMA"": ""10"""," ""PENGUNDI"": 2421"," ""KODPAR"": ""116"""," ""PAR_BARU"": ""WANGSA MAJU"""," ""KODDUN"": ""00"""," ""DUN_BARU"": null"," ""KODDM"": ""09"""," ""DM_BARU"": ""KAMPONG PUAH"""," ""PENGUNDI_B"": 1999"," ""NAMA_LAMA"": ""116\/00\/10""																			"
"NAMA_DM: ""TAMAN P.RAMLEE"""," ""PAR_LAMA"": ""116"""," ""DUN_LAMA"": ""00"""," ""DM_LAMA"": ""11"""," ""PENGUNDI"": 2047"," ""KODPAR"": ""116"""," ""PAR_BARU"": ""WANGSA MAJU"""," ""KODDUN"": ""00"""," ""DUN_BARU"": null"," ""KODDM"": ""10"""," ""DM_BARU"": ""TAMAN P.RAMLEE"""," ""PENGUNDI_B"": 1977"," ""NAMA_LAMA"": ""116\/00\/11""																		"
"NAMA_DM: ""TAMAN SETAPAK"""," ""PAR_LAMA"": ""116"""," ""DUN_LAMA"": ""00"""," ""DM_LAMA"": ""05"""," ""PENGUNDI"": 4406"," ""KODPAR"": ""116"""," ""PAR_BARU"": ""WANGSA MAJU"""," ""KODDUN"": ""00"""," ""DUN_BARU"": null"," ""KODDM"": ""07"""," ""DM_BARU"": ""TAMAN SETAPAK"""," ""PENGUNDI_B"": 4174"," ""NAMA_LAMA"": ""116\/00\/05""																			"
"NAMA_DM: ""JALAN GOMBAK"""," ""PAR_LAMA"": ""116"""," ""DUN_LAMA"": ""00"""," ""DM_LAMA"": ""13"""," ""PENGUNDI"": 3270"," ""KODPAR"": ""116"""," ""PAR_BARU"": ""WANGSA MAJU"""," ""KODDUN"": ""00"""," ""DUN_BARU"": null"," ""KODDM"": ""06"""," ""DM_BARU"": ""JALAN GOMBAK"""," ""PENGUNDI_B"": 3394"," ""NAMA_LAMA"": ""116\/00\/13""																			"
"NAMA_DM: ""SETAPAK UTARA"""," ""PAR_LAMA"": ""116"""," ""DUN_LAMA"": ""00"""," ""DM_LAMA"": ""14"""," ""PENGUNDI"": 6136"," ""KODPAR"": ""KL03"""," ""PAR_BARU"": null"," ""KODDUN"": ""N001"""," ""DUN_BARU"": null"," ""KODDM"": null"," ""DM_BARU"": ""SETAPAK UTARA"""," ""PENGUNDI_B"": 0"," ""NAMA_LAMA"": ""116\/00\/14""																					"
"NAMA_DM: ""TAMAN TUN DR ISMAIL SELATAN"""," ""PAR_LAMA"": ""117"""," ""DUN_LAMA"": ""00"""," ""DM_LAMA"": ""16"""," ""PENGUNDI"": 2452"," ""KODPAR"": ""117"""," ""PAR_BARU"": ""SEGAMBUT"""," ""KODDUN"": ""00"""," ""DUN_BARU"": null"," ""KODDM"": ""23"""," ""DM_BARU"": ""TAMAN TUN DR ISMAIL SELATAN"""," ""PENGUNDI_B"": 2485"," ""NAMA_LAMA"": ""117\/00\/16""												"
"NAMA_DM: ""TAMAN BUKIT MALURI UTARA"""," ""PAR_LAMA"": ""117"""," ""DUN_LAMA"": ""00"""," ""DM_LAMA"": ""01"""," ""PENGUNDI"": 3893"," ""KODPAR"": ""117"""," ""PAR_BARU"": ""SEGAMBUT"""," ""KODDUN"": ""00"""," ""DUN_BARU"": null"," ""KODDM"": ""01"""," ""DM_BARU"": ""TAMAN BUKIT MALURI UTARA"""," ""PENGUNDI_B"": 4056"," ""NAMA_LAMA"": ""117\/00\/01""														"
"NAMA_DM: ""SRI SEGAMBUT"""," ""PAR_LAMA"": ""117"""," ""DUN_LAMA"": ""00"""," ""DM_LAMA"": ""02"""," ""PENGUNDI"": 4988"," ""KODPAR"": ""117"""," ""PAR_BARU"": ""SEGAMBUT"""," ""KODDUN"": ""00"""," ""DUN_BARU"": null"," ""KODDM"": ""06"""," ""DM_BARU"": ""SRI SEGAMBUT"""," ""PENGUNDI_B"": 3479"," ""NAMA_LAMA"": ""117\/00\/02""																				"
"NAMA_DM: ""TAMAN KOK DOH"""," ""PAR_LAMA"": ""117"""," ""DUN_LAMA"": ""00"""," ""DM_LAMA"": ""03"""," ""PENGUNDI"": 3260"," ""KODPAR"": ""117"""," ""PAR_BARU"": ""SEGAMBUT"""," ""KODDUN"": ""00"""," ""DUN_BARU"": null"," ""KODDM"": ""07"""," ""DM_BARU"": ""TAMAN KOK DOH"""," ""PENGUNDI_B"": 4185"," ""NAMA_LAMA"": ""117\/00\/03""																			"
"NAMA_DM: ""TAMAN CITY KANAN"""," ""PAR_LAMA"": ""117"""," ""DUN_LAMA"": ""00"""," ""DM_LAMA"": ""04"""," ""PENGUNDI"": 3356"," ""KODPAR"": ""117"""," ""PAR_BARU"": ""SEGAMBUT"""," ""KODDUN"": ""00"""," ""DUN_BARU"": null"," ""KODDM"": ""08"""," ""DM_BARU"": ""TAMAN CITY KANAN"""," ""PENGUNDI_B"": 3366"," ""NAMA_LAMA"": ""117\/00\/04""																		"
"NAMA_DM: ""TAMAN SRI SINAR"""," ""PAR_LAMA"": ""117"""," ""DUN_LAMA"": ""00"""," ""DM_LAMA"": ""05"""," ""PENGUNDI"": 5589"," ""KODPAR"": ""117"""," ""PAR_BARU"": ""SEGAMBUT"""," ""KODDUN"": ""00"""," ""DUN_BARU"": null"," ""KODDM"": ""05"""," ""DM_BARU"": ""TAMAN SRI SINAR"""," ""PENGUNDI_B"": 5962"," ""NAMA_LAMA"": ""117\/00\/05""																		"
"NAMA_DM: ""KAMPONG SUNGAI UDANG"""," ""PAR_LAMA"": ""117"""," ""DUN_LAMA"": ""00"""," ""DM_LAMA"": ""06"""," ""PENGUNDI"": 3864"," ""KODPAR"": ""117"""," ""PAR_BARU"": ""SEGAMBUT"""," ""KODDUN"": ""00"""," ""DUN_BARU"": null"," ""KODDM"": ""09"""," ""DM_BARU"": ""KAMPONG SUNGAI UDANG"""," ""PENGUNDI_B"": 3005"," ""NAMA_LAMA"": ""117\/00\/06""																"
"NAMA_DM: ""TAMAN SEGAMBUT"""," ""PAR_LAMA"": ""117"""," ""DUN_LAMA"": ""00"""," ""DM_LAMA"": ""07"""," ""PENGUNDI"": 2386"," ""KODPAR"": ""117"""," ""PAR_BARU"": ""SEGAMBUT"""," ""KODDUN"": ""00"""," ""DUN_BARU"": null"," ""KODDM"": ""10"""," ""DM_BARU"": ""TAMAN SEGAMBUT"""," ""PENGUNDI_B"": 2257"," ""NAMA_LAMA"": ""117\/00\/07""																			"
"NAMA_DM: ""TAMAN BUNGA"""," ""PAR_LAMA"": ""117"""," ""DUN_LAMA"": ""00"""," ""DM_LAMA"": ""12"""," ""PENGUNDI"": 8848"," ""KODPAR"": ""KL07"""," ""PAR_BARU"": null"," ""KODDUN"": ""N001"""," ""DUN_BARU"": null"," ""KODDM"": null"," ""DM_BARU"": ""TAMAN BUNGA"""," ""PENGUNDI_B"": 0"," ""NAMA_LAMA"": ""117\/00\/12""																						"
"NAMA_DM: ""TAMAN TUN DR ISMAIL UTARA"""," ""PAR_LAMA"": ""117"""," ""DUN_LAMA"": ""00"""," ""DM_LAMA"": ""15"""," ""PENGUNDI"": 2834"," ""KODPAR"": ""117"""," ""PAR_BARU"": ""SEGAMBUT"""," ""KODDUN"": ""00"""," ""DUN_BARU"": null"," ""KODDM"": ""21"""," ""DM_BARU"": ""TAMAN TUN DR ISMAIL UTARA"""," ""PENGUNDI_B"": 2827"," ""NAMA_LAMA"": ""117\/00\/15""													"
"NAMA_DM: ""KAMPONG KASIPILLAY"""," ""PAR_LAMA"": ""117"""," ""DUN_LAMA"": ""00"""," ""DM_LAMA"": ""10"""," ""PENGUNDI"": 2907"," ""KODPAR"": ""117"""," ""PAR_BARU"": ""SEGAMBUT"""," ""KODDUN"": ""00"""," ""DUN_BARU"": null"," ""KODDM"": ""11"""," ""DM_BARU"": ""KAMPONG KASIPILLAY"""," ""PENGUNDI_B"": 2786"," ""NAMA_LAMA"": ""117\/00\/10""																	"
"NAMA_DM: ""MEDAN DAMANSARA"""," ""PAR_LAMA"": ""117"""," ""DUN_LAMA"": ""00"""," ""DM_LAMA"": ""14"""," ""PENGUNDI"": 4238"," ""KODPAR"": ""117"""," ""PAR_BARU"": ""SEGAMBUT"""," ""KODDUN"": ""00"""," ""DUN_BARU"": null"," ""KODDM"": ""19"""," ""DM_BARU"": ""MEDAN DAMANSARA"""," ""PENGUNDI_B"": 4173"," ""NAMA_LAMA"": ""117\/00\/14""																		"
"NAMA_DM: ""BUKIT DAMANSARA"""," ""PAR_LAMA"": ""117"""," ""DUN_LAMA"": ""00"""," ""DM_LAMA"": ""18"""," ""PENGUNDI"": 2533"," ""KODPAR"": ""117"""," ""PAR_BARU"": ""SEGAMBUT"""," ""KODDUN"": ""00"""," ""DUN_BARU"": null"," ""KODDM"": ""18"""," ""DM_BARU"": ""BUKIT DAMANSARA"""," ""PENGUNDI_B"": 2426"," ""NAMA_LAMA"": ""117\/00\/18""																		"
"NAMA_DM: ""SRI HARTAMAS"""," ""PAR_LAMA"": ""117"""," ""DUN_LAMA"": ""00"""," ""DM_LAMA"": ""11"""," ""PENGUNDI"": 2107"," ""KODPAR"": ""117"""," ""PAR_BARU"": ""SEGAMBUT"""," ""KODDUN"": ""00"""," ""DUN_BARU"": null"," ""KODDM"": ""16"""," ""DM_BARU"": ""SRI HARTAMAS"""," ""PENGUNDI_B"": 2214"," ""NAMA_LAMA"": ""117\/00\/11""																				"
"NAMA_DM: ""BUKIT LANJAN"""," ""PAR_LAMA"": ""117"""," ""DUN_LAMA"": ""00"""," ""DM_LAMA"": ""08"""," ""PENGUNDI"": 489"," ""KODPAR"": ""117"""," ""PAR_BARU"": ""SEGAMBUT"""," ""KODDUN"": ""00"""," ""DUN_BARU"": null"," ""KODDM"": ""14"""," ""DM_BARU"": ""BUKIT LANJAN"""," ""PENGUNDI_B"": 488"," ""NAMA_LAMA"": ""117\/00\/08""																				"
"NAMA_DM: ""KAMPONG SUNGAI PENCHALA"""," ""PAR_LAMA"": ""117"""," ""DUN_LAMA"": ""00"""," ""DM_LAMA"": ""13"""," ""PENGUNDI"": 1835"," ""KODPAR"": ""117"""," ""PAR_BARU"": ""SEGAMBUT"""," ""KODDUN"": ""00"""," ""DUN_BARU"": null"," ""KODDM"": ""15"""," ""DM_BARU"": ""KAMPONG SUNGAI PENCHALA"""," ""PENGUNDI_B"": 1829"," ""NAMA_LAMA"": ""117\/00\/13""														"
"NAMA_DM: ""SEGAMBUT"""," ""PAR_LAMA"": ""117"""," ""DUN_LAMA"": ""00"""," ""DM_LAMA"": ""09"""," ""PENGUNDI"": 3154"," ""KODPAR"": ""117"""," ""PAR_BARU"": ""SEGAMBUT"""," ""KODDUN"": ""00"""," ""DUN_BARU"": null"," ""KODDM"": ""13"""," ""DM_BARU"": ""SEGAMBUT"""," ""PENGUNDI_B"": 2414"," ""NAMA_LAMA"": ""117\/00\/09""																						"
"NAMA_DM: ""BANDAR MANJALARA"""," ""PAR_LAMA"": ""117"""," ""DUN_LAMA"": ""00"""," ""DM_LAMA"": ""17"""," ""PENGUNDI"": 4321"," ""KODPAR"": ""117"""," ""PAR_BARU"": ""SEGAMBUT"""," ""KODDUN"": ""00"""," ""DUN_BARU"": null"," ""KODDM"": ""03"""," ""DM_BARU"": ""BANDAR MANJALARA"""," ""PENGUNDI_B"": 3754"," ""NAMA_LAMA"": ""117\/00\/17""																		"
"NAMA_DM: ""JALAN USAHAWAN"""," ""PAR_LAMA"": ""118"""," ""DUN_LAMA"": ""00"""," ""DM_LAMA"": ""01"""," ""PENGUNDI"": 2192"," ""KODPAR"": ""118"""," ""PAR_BARU"": ""SETIAWANGSA"""," ""KODDUN"": ""00"""," ""DUN_BARU"": null"," ""KODDM"": ""01"""," ""DM_BARU"": ""JALAN USAHAWAN"""," ""PENGUNDI_B"": 2073"," ""NAMA_LAMA"": ""118\/00\/01""																		"
"NAMA_DM: ""AYER PANAS LUAR"""," ""PAR_LAMA"": ""118"""," ""DUN_LAMA"": ""00"""," ""DM_LAMA"": ""03"""," ""PENGUNDI"": 4424"," ""KODPAR"": ""118"""," ""PAR_BARU"": ""SETIAWANGSA"""," ""KODDUN"": ""00"""," ""DUN_BARU"": null"," ""KODDM"": ""12"""," ""DM_BARU"": ""AYER PANAS LUAR"""," ""PENGUNDI_B"": 4470"," ""NAMA_LAMA"": ""118\/00\/03""																		"
"NAMA_DM: ""TAMAN SRI RAMPAI"""," ""PAR_LAMA"": ""118"""," ""DUN_LAMA"": ""00"""," ""DM_LAMA"": ""02"""," ""PENGUNDI"": 5330"," ""KODPAR"": ""118"""," ""PAR_BARU"": ""SETIAWANGSA"""," ""KODDUN"": ""00"""," ""DUN_BARU"": null"," ""KODDM"": ""03"""," ""DM_BARU"": ""TAMAN SRI RAMPAI"""," ""PENGUNDI_B"": 5357"," ""NAMA_LAMA"": ""118\/00\/02""																	"
"NAMA_DM: ""PULAPOL"""," ""PAR_LAMA"": ""118"""," ""DUN_LAMA"": ""00"""," ""DM_LAMA"": ""11"""," ""PENGUNDI"": 3303"," ""KODPAR"": ""118"""," ""PAR_BARU"": ""SETIAWANGSA"""," ""KODDUN"": ""00"""," ""DUN_BARU"": null"," ""KODDM"": ""16"""," ""DM_BARU"": ""PULAPOL"""," ""PENGUNDI_B"": 3293"," ""NAMA_LAMA"": ""118\/00\/11""																						"
"NAMA_DM: ""AYER PANAS DALAM"""," ""PAR_LAMA"": ""118"""," ""DUN_LAMA"": ""00"""," ""DM_LAMA"": ""04"""," ""PENGUNDI"": 3535"," ""KODPAR"": ""118"""," ""PAR_BARU"": ""SETIAWANGSA"""," ""KODDUN"": ""00"""," ""DUN_BARU"": null"," ""KODDM"": ""11"""," ""DM_BARU"": ""AYER PANAS DALAM"""," ""PENGUNDI_B"": 3605"," ""NAMA_LAMA"": ""118\/00\/04""																	"
"NAMA_DM: ""TAMAN SETAPAK JAYA"""," ""PAR_LAMA"": ""118"""," ""DUN_LAMA"": ""00"""," ""DM_LAMA"": ""05"""," ""PENGUNDI"": 5169"," ""KODPAR"": ""118"""," ""PAR_BARU"": ""SETIAWANGSA"""," ""KODDUN"": ""00"""," ""DUN_BARU"": null"," ""KODDM"": ""10"""," ""DM_BARU"": ""TAMAN SETAPAK JAYA"""," ""PENGUNDI_B"": 3335"," ""NAMA_LAMA"": ""118\/00\/05""																"
"NAMA_DM: ""SEKSYEN 10 WANGSA MAJU"""," ""PAR_LAMA"": ""118"""," ""DUN_LAMA"": ""00"""," ""DM_LAMA"": ""06"""," ""PENGUNDI"": 3043"," ""KODPAR"": ""118"""," ""PAR_BARU"": ""SETIAWANGSA"""," ""KODDUN"": ""00"""," ""DUN_BARU"": null"," ""KODDM"": ""08"""," ""DM_BARU"": ""SEKSYEN 10 WANGSA MAJU"""," ""PENGUNDI_B"": 3078"," ""NAMA_LAMA"": ""118\/00\/06""														"
"NAMA_DM: ""TAMAN SETAPAK PERMAI"""," ""PAR_LAMA"": ""118"""," ""DUN_LAMA"": ""00"""," ""DM_LAMA"": ""15"""," ""PENGUNDI"": 3206"," ""KODPAR"": ""118"""," ""PAR_BARU"": ""SETIAWANGSA"""," ""KODDUN"": ""00"""," ""DUN_BARU"": null"," ""KODDM"": ""02"""," ""DM_BARU"": ""TAMAN SETAPAK PERMAI"""," ""PENGUNDI_B"": 3168"," ""NAMA_LAMA"": ""118\/00\/15""															"
"NAMA_DM: ""SEKSYEN 5\/6 WANGSA MAJU"""," ""PAR_LAMA"": ""118"""," ""DUN_LAMA"": ""00"""," ""DM_LAMA"": ""17"""," ""PENGUNDI"": 2466"," ""KODPAR"": ""118"""," ""PAR_BARU"": ""SETIAWANGSA"""," ""KODDUN"": ""00"""," ""DUN_BARU"": null"," ""KODDM"": ""04"""," ""DM_BARU"": ""SEKSYEN 5\/6 WANGSA MAJU"""," ""PENGUNDI_B"": 2485"," ""NAMA_LAMA"": ""118\/00\/17""													"
"NAMA_DM: ""PKNS BATU 6 ULU KLANG"""," ""PAR_LAMA"": ""118"""," ""DUN_LAMA"": ""00"""," ""DM_LAMA"": ""07"""," ""PENGUNDI"": 2752"," ""KODPAR"": ""118"""," ""PAR_BARU"": ""SETIAWANGSA"""," ""KODDUN"": ""00"""," ""DUN_BARU"": null"," ""KODDM"": ""05"""," ""DM_BARU"": ""PKNS BATU 6 ULU KLANG"""," ""PENGUNDI_B"": 3351"," ""NAMA_LAMA"": ""118\/00\/07""															"
"NAMA_DM: ""PEKAN SETAPAK"""," ""PAR_LAMA"": ""118"""," ""DUN_LAMA"": ""00"""," ""DM_LAMA"": ""08"""," ""PENGUNDI"": 1295"," ""KODPAR"": ""116"""," ""PAR_BARU"": ""WANGSA MAJU"""," ""KODDUN"": ""00"""," ""DUN_BARU"": null"," ""KODDM"": ""21"""," ""DM_BARU"": ""PEKAN SETAPAK"""," ""PENGUNDI_B"": 1243"," ""NAMA_LAMA"": ""118\/00\/08""																			"
"NAMA_DM: ""TAMAN TASEK"""," ""PAR_LAMA"": ""118"""," ""DUN_LAMA"": ""00"""," ""DM_LAMA"": ""10"""," ""PENGUNDI"": 1780"," ""KODPAR"": ""118"""," ""PAR_BARU"": ""SETIAWANGSA"""," ""KODDUN"": ""00"""," ""DUN_BARU"": null"," ""KODDM"": ""17"""," ""DM_BARU"": ""TAMAN TASEK"""," ""PENGUNDI_B"": 1721"," ""NAMA_LAMA"": ""118\/00\/10""																				"
"NAMA_DM: ""MINDEF"""," ""PAR_LAMA"": ""118"""," ""DUN_LAMA"": ""00"""," ""DM_LAMA"": ""12"""," ""PENGUNDI"": 12283"," ""KODPAR"": ""118"""," ""PAR_BARU"": ""SETIAWANGSA"""," ""KODDUN"": ""00"""," ""DUN_BARU"": null"," ""KODDM"": ""15"""," ""DM_BARU"": ""MINDEF"""," ""PENGUNDI_B"": 12171"," ""NAMA_LAMA"": ""118\/00\/12""																						"
"NAMA_DM: ""KERAMAT WANGSA"""," ""PAR_LAMA"": ""118"""," ""DUN_LAMA"": ""00"""," ""DM_LAMA"": ""14"""," ""PENGUNDI"": 3606"," ""KODPAR"": ""118"""," ""PAR_BARU"": ""SETIAWANGSA"""," ""KODDUN"": ""00"""," ""DUN_BARU"": null"," ""KODDM"": ""06"""," ""DM_BARU"": ""KERAMAT WANGSA"""," ""PENGUNDI_B"": 3127"," ""NAMA_LAMA"": ""118\/00\/14""																		"
"NAMA_DM: ""TAMAN SETIAWANGSA"""," ""PAR_LAMA"": ""118"""," ""DUN_LAMA"": ""00"""," ""DM_LAMA"": ""13"""," ""PENGUNDI"": 3254"," ""KODPAR"": ""118"""," ""PAR_BARU"": ""SETIAWANGSA"""," ""KODDUN"": ""00"""," ""DUN_BARU"": null"," ""KODDM"": ""07"""," ""DM_BARU"": ""TAMAN SETIAWANGSA"""," ""PENGUNDI_B"": 3396"," ""NAMA_LAMA"": ""118\/00\/13""																	"
"NAMA_DM: ""AYER PANAS TENGAH"""," ""PAR_LAMA"": ""118"""," ""DUN_LAMA"": ""00"""," ""DM_LAMA"": ""16"""," ""PENGUNDI"": 2024"," ""KODPAR"": ""118"""," ""PAR_BARU"": ""SETIAWANGSA"""," ""KODDUN"": ""00"""," ""DUN_BARU"": null"," ""KODDM"": ""14"""," ""DM_BARU"": ""AYER PANAS TENGAH"""," ""PENGUNDI_B"": 2031"," ""NAMA_LAMA"": ""118\/00\/16""																	"
"NAMA_DM: ""JALAN PAHANG"""," ""PAR_LAMA"": ""118"""," ""DUN_LAMA"": ""00"""," ""DM_LAMA"": ""09"""," ""PENGUNDI"": 2728"," ""KODPAR"": ""118"""," ""PAR_BARU"": ""SETIAWANGSA"""," ""KODDUN"": ""00"""," ""DUN_BARU"": null"," ""KODDM"": ""13"""," ""DM_BARU"": ""JALAN PAHANG"""," ""PENGUNDI_B"": 2618"," ""NAMA_LAMA"": ""118\/00\/09""																			"
"NAMA_DM: ""SETAPAK SELATAN"""," ""PAR_LAMA"": ""119"""," ""DUN_LAMA"": ""00"""," ""DM_LAMA"": ""01"""," ""PENGUNDI"": 2689"," ""KODPAR"": ""115"""," ""PAR_BARU"": ""BATU"""," ""KODDUN"": ""00"""," ""DUN_BARU"": null"," ""KODDM"": ""23"""," ""DM_BARU"": ""SETAPAK SELATAN"""," ""PENGUNDI_B"": 2500"," ""NAMA_LAMA"": ""119\/00\/01""																			"
"NAMA_DM: ""KOMPLEKS DAMAI"""," ""PAR_LAMA"": ""119"""," ""DUN_LAMA"": ""00"""," ""DM_LAMA"": ""02"""," ""PENGUNDI"": 2612"," ""KODPAR"": ""115"""," ""PAR_BARU"": ""BATU"""," ""KODDUN"": ""00"""," ""DUN_BARU"": null"," ""KODDM"": ""24"""," ""DM_BARU"": ""KOMPLEKS DAMAI"""," ""PENGUNDI_B"": 2470"," ""NAMA_LAMA"": ""119\/00\/02""																				"
"NAMA_DM: ""JALAN RAJA MUDA"""," ""PAR_LAMA"": ""119"""," ""DUN_LAMA"": ""00"""," ""DM_LAMA"": ""03"""," ""PENGUNDI"": 2606"," ""KODPAR"": ""119"""," ""PAR_BARU"": ""TITIWANGSA"""," ""KODDUN"": ""00"""," ""DUN_BARU"": null"," ""KODDM"": ""01"""," ""DM_BARU"": ""JALAN RAJA MUDA"""," ""PENGUNDI_B"": 2566"," ""NAMA_LAMA"": ""119\/00\/03""																		"
"NAMA_DM: ""DATO KERAMAT UTARA"""," ""PAR_LAMA"": ""119"""," ""DUN_LAMA"": ""00"""," ""DM_LAMA"": ""04"""," ""PENGUNDI"": 3501"," ""KODPAR"": ""119"""," ""PAR_BARU"": ""TITIWANGSA"""," ""KODDUN"": ""00"""," ""DUN_BARU"": null"," ""KODDM"": ""02"""," ""DM_BARU"": ""DATO KERAMAT UTARA"""," ""PENGUNDI_B"": 3341"," ""NAMA_LAMA"": ""119\/00\/04""																"
"NAMA_DM: ""DATO KERAMAT SELATAN"""," ""PAR_LAMA"": ""119"""," ""DUN_LAMA"": ""00"""," ""DM_LAMA"": ""08"""," ""PENGUNDI"": 3624"," ""KODPAR"": ""119"""," ""PAR_BARU"": ""TITIWANGSA"""," ""KODDUN"": ""00"""," ""DUN_BARU"": null"," ""KODDM"": ""04"""," ""DM_BARU"": ""DATO KERAMAT SELATAN"""," ""PENGUNDI_B"": 3673"," ""NAMA_LAMA"": ""119\/00\/08""															"
"NAMA_DM: ""TAMAN MALURI"""," ""PAR_LAMA"": ""119"""," ""DUN_LAMA"": ""00"""," ""DM_LAMA"": ""05"""," ""PENGUNDI"": 2456"," ""KODPAR"": ""119"""," ""PAR_BARU"": ""TITIWANGSA"""," ""KODDUN"": ""00"""," ""DUN_BARU"": null"," ""KODDM"": ""14"""," ""DM_BARU"": ""TAMAN MALURI"""," ""PENGUNDI_B"": 2473"," ""NAMA_LAMA"": ""119\/00\/05""																			"
"NAMA_DM: ""KAMPONG PANDAN DALAM"""," ""PAR_LAMA"": ""119"""," ""DUN_LAMA"": ""00"""," ""DM_LAMA"": ""14"""," ""PENGUNDI"": 2814"," ""KODPAR"": ""119"""," ""PAR_BARU"": ""TITIWANGSA"""," ""KODDUN"": ""00"""," ""DUN_BARU"": null"," ""KODDM"": ""13"""," ""DM_BARU"": ""KAMPONG PANDAN DALAM"""," ""PENGUNDI_B"": 2833"," ""NAMA_LAMA"": ""119\/00\/14""															"
"NAMA_DM: ""KAMPONG BHARU UTARA"""," ""PAR_LAMA"": ""119"""," ""DUN_LAMA"": ""00"""," ""DM_LAMA"": ""06"""," ""PENGUNDI"": 3545"," ""KODPAR"": ""119"""," ""PAR_BARU"": ""TITIWANGSA"""," ""KODDUN"": ""00"""," ""DUN_BARU"": null"," ""KODDM"": ""05"""," ""DM_BARU"": ""KAMPONG BHARU UTARA"""," ""PENGUNDI_B"": 3542"," ""NAMA_LAMA"": ""119\/00\/06""																"
"NAMA_DM: ""KAMPONG BHARU TENGAH"""," ""PAR_LAMA"": ""119"""," ""DUN_LAMA"": ""00"""," ""DM_LAMA"": ""07"""," ""PENGUNDI"": 2928"," ""KODPAR"": ""119"""," ""PAR_BARU"": ""TITIWANGSA"""," ""KODDUN"": ""00"""," ""DUN_BARU"": null"," ""KODDM"": ""06"""," ""DM_BARU"": ""KAMPONG BHARU TENGAH"""," ""PENGUNDI_B"": 2882"," ""NAMA_LAMA"": ""119\/00\/07""															"
"NAMA_DM: ""KAMPONG BHARU SELATAN"""," ""PAR_LAMA"": ""119"""," ""DUN_LAMA"": ""00"""," ""DM_LAMA"": ""09"""," ""PENGUNDI"": 4124"," ""KODPAR"": ""119"""," ""PAR_BARU"": ""TITIWANGSA"""," ""KODDUN"": ""00"""," ""DUN_BARU"": null"," ""KODDM"": ""07"""," ""DM_BARU"": ""KAMPONG BHARU SELATAN"""," ""PENGUNDI_B"": 4100"," ""NAMA_LAMA"": ""119\/00\/09""															"
"NAMA_DM: ""JALAN AMPANG"""," ""PAR_LAMA"": ""119"""," ""DUN_LAMA"": ""00"""," ""DM_LAMA"": ""11"""," ""PENGUNDI"": 1082"," ""KODPAR"": ""119"""," ""PAR_BARU"": ""TITIWANGSA"""," ""KODDUN"": ""00"""," ""DUN_BARU"": null"," ""KODDM"": ""09"""," ""DM_BARU"": ""JALAN AMPANG"""," ""PENGUNDI_B"": 1064"," ""NAMA_LAMA"": ""119\/00\/11""																			"
"NAMA_DM: ""DATO KERAMAT TENGAH"""," ""PAR_LAMA"": ""119"""," ""DUN_LAMA"": ""00"""," ""DM_LAMA"": ""18"""," ""PENGUNDI"": 3355"," ""KODPAR"": ""119"""," ""PAR_BARU"": ""TITIWANGSA"""," ""KODDUN"": ""00"""," ""DUN_BARU"": null"," ""KODDM"": ""03"""," ""DM_BARU"": ""DATO KERAMAT TENGAH"""," ""PENGUNDI_B"": 3494"," ""NAMA_LAMA"": ""119\/00\/18""																"
"NAMA_DM: ""DATO KERAMAT SEBERANG"""," ""PAR_LAMA"": ""119"""," ""DUN_LAMA"": ""00"""," ""DM_LAMA"": ""10"""," ""PENGUNDI"": 2214"," ""KODPAR"": ""119"""," ""PAR_BARU"": ""TITIWANGSA"""," ""KODDUN"": ""00"""," ""DUN_BARU"": null"," ""KODDM"": ""08"""," ""DM_BARU"": ""DATO KERAMAT SEBERANG"""," ""PENGUNDI_B"": 2288"," ""NAMA_LAMA"": ""119\/00\/10""															"
"NAMA_DM: ""KELAB GOLF SELANGOR"""," ""PAR_LAMA"": ""119"""," ""DUN_LAMA"": ""00"""," ""DM_LAMA"": ""13"""," ""PENGUNDI"": 3589"," ""KODPAR"": ""119"""," ""PAR_BARU"": ""TITIWANGSA"""," ""KODDUN"": ""00"""," ""DUN_BARU"": null"," ""KODDM"": ""11"""," ""DM_BARU"": ""KELAB GOLF SELANGOR"""," ""PENGUNDI_B"": 3678"," ""NAMA_LAMA"": ""119\/00\/13""																"
"NAMA_DM: ""JALAN MENGKUDU"""," ""PAR_LAMA"": ""119"""," ""DUN_LAMA"": ""00"""," ""DM_LAMA"": ""12"""," ""PENGUNDI"": 1862"," ""KODPAR"": ""119"""," ""PAR_BARU"": ""TITIWANGSA"""," ""KODDUN"": ""00"""," ""DUN_BARU"": null"," ""KODDM"": ""10"""," ""DM_BARU"": ""JALAN MENGKUDU"""," ""PENGUNDI_B"": 2046"," ""NAMA_LAMA"": ""119\/00\/12""																		"
"NAMA_DM: ""KAMPONG PANDAN LUAR"""," ""PAR_LAMA"": ""119"""," ""DUN_LAMA"": ""00"""," ""DM_LAMA"": ""16"""," ""PENGUNDI"": 3941"," ""KODPAR"": ""119"""," ""PAR_BARU"": ""TITIWANGSA"""," ""KODDUN"": ""00"""," ""DUN_BARU"": null"," ""KODDM"": ""17"""," ""DM_BARU"": ""KAMPONG PANDAN LUAR"""," ""PENGUNDI_B"": 2831"," ""NAMA_LAMA"": ""119\/00\/16""																"
"NAMA_DM: ""DESA PANDAN"""," ""PAR_LAMA"": ""119"""," ""DUN_LAMA"": ""00"""," ""DM_LAMA"": ""19"""," ""PENGUNDI"": 3024"," ""KODPAR"": ""119"""," ""PAR_BARU"": ""TITIWANGSA"""," ""KODDUN"": ""00"""," ""DUN_BARU"": null"," ""KODDM"": ""12"""," ""DM_BARU"": ""DESA PANDAN"""," ""PENGUNDI_B"": 3165"," ""NAMA_LAMA"": ""119\/00\/19""																				"
"NAMA_DM: ""KAMPONG PANDAN TENGAH"""," ""PAR_LAMA"": ""119"""," ""DUN_LAMA"": ""00"""," ""DM_LAMA"": ""15"""," ""PENGUNDI"": 2121"," ""KODPAR"": ""119"""," ""PAR_BARU"": ""TITIWANGSA"""," ""KODDUN"": ""00"""," ""DUN_BARU"": null"," ""KODDM"": ""15"""," ""DM_BARU"": ""KAMPONG PANDAN TENGAH"""," ""PENGUNDI_B"": 1702"," ""NAMA_LAMA"": ""119\/00\/15""															"
"NAMA_DM: ""JALAN COCHRANE"""," ""PAR_LAMA"": ""119"""," ""DUN_LAMA"": ""00"""," ""DM_LAMA"": ""17"""," ""PENGUNDI"": 3301"," ""KODPAR"": ""119"""," ""PAR_BARU"": ""TITIWANGSA"""," ""KODDUN"": ""00"""," ""DUN_BARU"": null"," ""KODDM"": ""16"""," ""DM_BARU"": ""JALAN COCHRANE"""," ""PENGUNDI_B"": 3869"," ""NAMA_LAMA"": ""119\/00\/17""																		"
"NAMA_DM: ""TIONG NAM"""," ""PAR_LAMA"": ""120"""," ""DUN_LAMA"": ""00"""," ""DM_LAMA"": ""01"""," ""PENGUNDI"": 3677"," ""KODPAR"": ""117"""," ""PAR_BARU"": ""SEGAMBUT"""," ""KODDUN"": ""00"""," ""DUN_BARU"": null"," ""KODDM"": ""24"""," ""DM_BARU"": ""TIONG NAM"""," ""PENGUNDI_B"": 3862"," ""NAMA_LAMA"": ""120\/00\/01""																					"
"NAMA_DM: ""KAMPONG SEMARANG"""," ""PAR_LAMA"": ""120"""," ""DUN_LAMA"": ""00"""," ""DM_LAMA"": ""02"""," ""PENGUNDI"": 2656"," ""KODPAR"": ""117"""," ""PAR_BARU"": ""SEGAMBUT"""," ""KODDUN"": ""00"""," ""DUN_BARU"": null"," ""KODDM"": ""25"""," ""DM_BARU"": ""KAMPONG SEMARANG"""," ""PENGUNDI_B"": 2255"," ""NAMA_LAMA"": ""120\/00\/02""																		"
"NAMA_DM: ""JALAN MELAYU"""," ""PAR_LAMA"": ""120"""," ""DUN_LAMA"": ""00"""," ""DM_LAMA"": ""04"""," ""PENGUNDI"": 2717"," ""KODPAR"": ""120"""," ""PAR_BARU"": ""BUKIT BINTANG"""," ""KODDUN"": ""00"""," ""DUN_BARU"": null"," ""KODDM"": ""02"""," ""DM_BARU"": ""JALAN MELAYU"""," ""PENGUNDI_B"": 2607"," ""NAMA_LAMA"": ""120\/00\/04""																			"
"NAMA_DM: ""JALAN TUANKU ABDUL RAHMAN"""," ""PAR_LAMA"": ""120"""," ""DUN_LAMA"": ""00"""," ""DM_LAMA"": ""03"""," ""PENGUNDI"": 1083"," ""KODPAR"": ""120"""," ""PAR_BARU"": ""BUKIT BINTANG"""," ""KODDUN"": ""00"""," ""DUN_BARU"": null"," ""KODDM"": ""01"""," ""DM_BARU"": ""JALAN TUANKU ABDUL RAHMAN"""," ""PENGUNDI_B"": 1053"," ""NAMA_LAMA"": ""120\/00\/03""												"
"NAMA_DM: ""RAZAK MANSION"""," ""PAR_LAMA"": ""120"""," ""DUN_LAMA"": ""00"""," ""DM_LAMA"": ""21"""," ""PENGUNDI"": 3391"," ""KODPAR"": ""120"""," ""PAR_BARU"": ""BUKIT BINTANG"""," ""KODDUN"": ""00"""," ""DUN_BARU"": null"," ""KODDM"": ""18"""," ""DM_BARU"": ""RAZAK MANSION"""," ""PENGUNDI_B"": 3271"," ""NAMA_LAMA"": ""120\/00\/21""																		"
"NAMA_DM: ""BUKIT NANAS"""," ""PAR_LAMA"": ""120"""," ""DUN_LAMA"": ""00"""," ""DM_LAMA"": ""05"""," ""PENGUNDI"": 1396"," ""KODPAR"": ""120"""," ""PAR_BARU"": ""BUKIT BINTANG"""," ""KODDUN"": ""00"""," ""DUN_BARU"": null"," ""KODDM"": ""03"""," ""DM_BARU"": ""BUKIT NANAS"""," ""PENGUNDI_B"": 1333"," ""NAMA_LAMA"": ""120\/00\/05""																			"
"NAMA_DM: ""MEDAN PASAR"""," ""PAR_LAMA"": ""120"""," ""DUN_LAMA"": ""00"""," ""DM_LAMA"": ""06"""," ""PENGUNDI"": 926"," ""KODPAR"": ""120"""," ""PAR_BARU"": ""BUKIT BINTANG"""," ""KODDUN"": ""00"""," ""DUN_BARU"": null"," ""KODDM"": ""07"""," ""DM_BARU"": ""MEDAN PASAR"""," ""PENGUNDI_B"": 789"," ""NAMA_LAMA"": ""120\/00\/06""																				"
"NAMA_DM: ""BUKIT WELD"""," ""PAR_LAMA"": ""120"""," ""DUN_LAMA"": ""00"""," ""DM_LAMA"": ""07"""," ""PENGUNDI"": 2383"," ""KODPAR"": ""120"""," ""PAR_BARU"": ""BUKIT BINTANG"""," ""KODDUN"": ""00"""," ""DUN_BARU"": null"," ""KODDM"": ""06"""," ""DM_BARU"": ""BUKIT WELD"""," ""PENGUNDI_B"": 3233"," ""NAMA_LAMA"": ""120\/00\/07""																				"
"NAMA_DM: ""CHANGKAT RAJA CHULAN"""," ""PAR_LAMA"": ""120"""," ""DUN_LAMA"": ""00"""," ""DM_LAMA"": ""08"""," ""PENGUNDI"": 3048"," ""KODPAR"": ""120"""," ""PAR_BARU"": ""BUKIT BINTANG"""," ""KODDUN"": ""00"""," ""DUN_BARU"": null"," ""KODDM"": ""05"""," ""DM_BARU"": ""CHANGKAT RAJA CHULAN"""," ""PENGUNDI_B"": 1981"," ""NAMA_LAMA"": ""120\/00\/08""															"
"NAMA_DM: ""IMBI PASAR"""," ""PAR_LAMA"": ""120"""," ""DUN_LAMA"": ""00"""," ""DM_LAMA"": ""09"""," ""PENGUNDI"": 2783"," ""KODPAR"": ""120"""," ""PAR_BARU"": ""BUKIT BINTANG"""," ""KODDUN"": ""00"""," ""DUN_BARU"": null"," ""KODDM"": ""04"""," ""DM_BARU"": ""IMBI PASAR"""," ""PENGUNDI_B"": 2629"," ""NAMA_LAMA"": ""120\/00\/09""																				"
"NAMA_DM: ""LEBOHRAYA FOCH"""," ""PAR_LAMA"": ""120"""," ""DUN_LAMA"": ""00"""," ""DM_LAMA"": ""10"""," ""PENGUNDI"": 1818"," ""KODPAR"": ""120"""," ""PAR_BARU"": ""BUKIT BINTANG"""," ""KODDUN"": ""00"""," ""DUN_BARU"": null"," ""KODDM"": ""08"""," ""DM_BARU"": ""LEBOHRAYA FOCH"""," ""PENGUNDI_B"": 1430"," ""NAMA_LAMA"": ""120\/00\/10""																		"
"NAMA_DM: ""JALAN HANG TUAH"""," ""PAR_LAMA"": ""120"""," ""DUN_LAMA"": ""00"""," ""DM_LAMA"": ""15"""," ""PENGUNDI"": 5387"," ""KODPAR"": ""120"""," ""PAR_BARU"": ""BUKIT BINTANG"""," ""KODDUN"": ""00"""," ""DUN_BARU"": null"," ""KODDM"": ""19"""," ""DM_BARU"": ""JALAN HANG TUAH"""," ""PENGUNDI_B"": 5179"," ""NAMA_LAMA"": ""120\/00\/15""																	"
"NAMA_DM: ""JALAN SULTAN"""," ""PAR_LAMA"": ""120"""," ""DUN_LAMA"": ""00"""," ""DM_LAMA"": ""11"""," ""PENGUNDI"": 2962"," ""KODPAR"": ""120"""," ""PAR_BARU"": ""BUKIT BINTANG"""," ""KODDUN"": ""00"""," ""DUN_BARU"": null"," ""KODDM"": ""09"""," ""DM_BARU"": ""JALAN SULTAN"""," ""PENGUNDI_B"": 3129"," ""NAMA_LAMA"": ""120\/00\/11""																			"
"NAMA_DM: ""MEDAN IMBI"""," ""PAR_LAMA"": ""120"""," ""DUN_LAMA"": ""00"""," ""DM_LAMA"": ""14"""," ""PENGUNDI"": 2757"," ""KODPAR"": ""120"""," ""PAR_BARU"": ""BUKIT BINTANG"""," ""KODDUN"": ""00"""," ""DUN_BARU"": null"," ""KODDM"": ""10"""," ""DM_BARU"": ""MEDAN IMBI"""," ""PENGUNDI_B"": 2126"," ""NAMA_LAMA"": ""120\/00\/14""																				"
"NAMA_DM: ""KAMPONG LOKE YUEN"""," ""PAR_LAMA"": ""120"""," ""DUN_LAMA"": ""00"""," ""DM_LAMA"": ""13"""," ""PENGUNDI"": 4065"," ""KODPAR"": ""120"""," ""PAR_BARU"": ""BUKIT BINTANG"""," ""KODDUN"": ""00"""," ""DUN_BARU"": null"," ""KODDM"": ""12"""," ""DM_BARU"": ""KAMPONG LOKE YUEN"""," ""PENGUNDI_B"": 3716"," ""NAMA_LAMA"": ""120\/00\/13""																"
"NAMA_DM: ""PUDU KANAN"""," ""PAR_LAMA"": ""120"""," ""DUN_LAMA"": ""00"""," ""DM_LAMA"": ""12"""," ""PENGUNDI"": 550"," ""KODPAR"": ""120"""," ""PAR_BARU"": ""BUKIT BINTANG"""," ""KODDUN"": ""00"""," ""DUN_BARU"": null"," ""KODDM"": ""11"""," ""DM_BARU"": ""PUDU KANAN"""," ""PENGUNDI_B"": 523"," ""NAMA_LAMA"": ""120\/00\/12""																				"
"NAMA_DM: ""BRICKFIELDS UTARA"""," ""PAR_LAMA"": ""120"""," ""DUN_LAMA"": ""00"""," ""DM_LAMA"": ""16"""," ""PENGUNDI"": 2481"," ""KODPAR"": ""120"""," ""PAR_BARU"": ""BUKIT BINTANG"""," ""KODDUN"": ""00"""," ""DUN_BARU"": null"," ""KODDM"": ""13"""," ""DM_BARU"": ""BRICKFIELDS UTARA"""," ""PENGUNDI_B"": 2068"," ""NAMA_LAMA"": ""120\/00\/16""																"
"NAMA_DM: ""BUKIT PETALING"""," ""PAR_LAMA"": ""120"""," ""DUN_LAMA"": ""00"""," ""DM_LAMA"": ""17"""," ""PENGUNDI"": 2108"," ""KODPAR"": ""120"""," ""PAR_BARU"": ""BUKIT BINTANG"""," ""KODDUN"": ""00"""," ""DUN_BARU"": null"," ""KODDM"": ""15"""," ""DM_BARU"": ""BUKIT PETALING"""," ""PENGUNDI_B"": 2291"," ""NAMA_LAMA"": ""120\/00\/17""																		"
"NAMA_DM: ""BRICKFIELDS SELATAN"""," ""PAR_LAMA"": ""120"""," ""DUN_LAMA"": ""00"""," ""DM_LAMA"": ""18"""," ""PENGUNDI"": 2964"," ""KODPAR"": ""120"""," ""PAR_BARU"": ""BUKIT BINTANG"""," ""KODDUN"": ""00"""," ""DUN_BARU"": null"," ""KODDM"": ""14"""," ""DM_BARU"": ""BRICKFIELDS SELATAN"""," ""PENGUNDI_B"": 3102"," ""NAMA_LAMA"": ""120\/00\/18""															"
"NAMA_DM: ""LAPANGAN TERBANG"""," ""PAR_LAMA"": ""120"""," ""DUN_LAMA"": ""00"""," ""DM_LAMA"": ""20"""," ""PENGUNDI"": 3418"," ""KODPAR"": ""120"""," ""PAR_BARU"": ""BUKIT BINTANG"""," ""KODDUN"": ""00"""," ""DUN_BARU"": null"," ""KODDM"": ""17"""," ""DM_BARU"": ""LAPANGAN TERBANG"""," ""PENGUNDI_B"": 3458"," ""NAMA_LAMA"": ""120\/00\/20""																	"
"NAMA_DM: ""PERSIARAN SYED PUTRA"""," ""PAR_LAMA"": ""120"""," ""DUN_LAMA"": ""00"""," ""DM_LAMA"": ""19"""," ""PENGUNDI"": 3317"," ""KODPAR"": ""120"""," ""PAR_BARU"": ""BUKIT BINTANG"""," ""KODDUN"": ""00"""," ""DUN_BARU"": null"," ""KODDM"": ""16"""," ""DM_BARU"": ""PERSIARAN SYED PUTRA"""," ""PENGUNDI_B"": 3002"," ""NAMA_LAMA"": ""120\/00\/19""															"
"NAMA_DM: ""JALAN MAAROF"""," ""PAR_LAMA"": ""121"""," ""DUN_LAMA"": ""00"""," ""DM_LAMA"": ""02"""," ""PENGUNDI"": 3388"," ""KODPAR"": ""121"""," ""PAR_BARU"": ""LEMBAH PANTAI"""," ""KODDUN"": ""00"""," ""DUN_BARU"": null"," ""KODDM"": ""02"""," ""DM_BARU"": ""JALAN MAAROF"""," ""PENGUNDI_B"": 3379"," ""NAMA_LAMA"": ""121\/00\/02""																			"
"NAMA_DM: ""BANGSAR BARU"""," ""PAR_LAMA"": ""121"""," ""DUN_LAMA"": ""00"""," ""DM_LAMA"": ""01"""," ""PENGUNDI"": 5325"," ""KODPAR"": ""121"""," ""PAR_BARU"": ""LEMBAH PANTAI"""," ""KODDUN"": ""00"""," ""DUN_BARU"": null"," ""KODDM"": ""01"""," ""DM_BARU"": ""BANGSAR BARU"""," ""PENGUNDI_B"": 5458"," ""NAMA_LAMA"": ""121\/00\/01""																			"
"NAMA_DM: ""BUKIT TRAVERS"""," ""PAR_LAMA"": ""121"""," ""DUN_LAMA"": ""00"""," ""DM_LAMA"": ""03"""," ""PENGUNDI"": 2358"," ""KODPAR"": ""121"""," ""PAR_BARU"": ""LEMBAH PANTAI"""," ""KODDUN"": ""00"""," ""DUN_BARU"": null"," ""KODDM"": ""03"""," ""DM_BARU"": ""BUKIT TRAVERS"""," ""PENGUNDI_B"": 2753"," ""NAMA_LAMA"": ""121\/00\/03""																		"
"NAMA_DM: ""KAWASAN UNIVERSITI"""," ""PAR_LAMA"": ""121"""," ""DUN_LAMA"": ""00"""," ""DM_LAMA"": ""07"""," ""PENGUNDI"": 848"," ""KODPAR"": ""121"""," ""PAR_BARU"": ""LEMBAH PANTAI"""," ""KODDUN"": ""00"""," ""DUN_BARU"": null"," ""KODDM"": ""04"""," ""DM_BARU"": ""KAWASAN UNIVERSITI"""," ""PENGUNDI_B"": 915"," ""NAMA_LAMA"": ""121\/00\/07""																"
"NAMA_DM: ""JALAN TUN SAMBANTHAN"""," ""PAR_LAMA"": ""121"""," ""DUN_LAMA"": ""00"""," ""DM_LAMA"": ""04"""," ""PENGUNDI"": 1868"," ""KODPAR"": ""120"""," ""PAR_BARU"": ""BUKIT BINTANG"""," ""KODDUN"": ""00"""," ""DUN_BARU"": null"," ""KODDM"": ""20"""," ""DM_BARU"": ""JALAN TUN SAMBANTHAN"""," ""PENGUNDI_B"": 2031"," ""NAMA_LAMA"": ""121\/00\/04""															"
"NAMA_DM: ""TAMAN LUCKY"""," ""PAR_LAMA"": ""121"""," ""DUN_LAMA"": ""00"""," ""DM_LAMA"": ""05"""," ""PENGUNDI"": 3256"," ""KODPAR"": ""121"""," ""PAR_BARU"": ""LEMBAH PANTAI"""," ""KODDUN"": ""00"""," ""DUN_BARU"": null"," ""KODDM"": ""05"""," ""DM_BARU"": ""TAMAN LUCKY"""," ""PENGUNDI_B"": 3134"," ""NAMA_LAMA"": ""121\/00\/05""																			"
"NAMA_DM: ""PANTAI BAHARU"""," ""PAR_LAMA"": ""121"""," ""DUN_LAMA"": ""00"""," ""DM_LAMA"": ""08"""," ""PENGUNDI"": 3136"," ""KODPAR"": ""121"""," ""PAR_BARU"": ""LEMBAH PANTAI"""," ""KODDUN"": ""00"""," ""DUN_BARU"": null"," ""KODDM"": ""07"""," ""DM_BARU"": ""PANTAI BAHARU"""," ""PENGUNDI_B"": 2904"," ""NAMA_LAMA"": ""121\/00\/08""																		"
"NAMA_DM: ""BUKIT BANGSAR"""," ""PAR_LAMA"": ""121"""," ""DUN_LAMA"": ""00"""," ""DM_LAMA"": ""06"""," ""PENGUNDI"": 5717"," ""KODPAR"": ""121"""," ""PAR_BARU"": ""LEMBAH PANTAI"""," ""KODDUN"": ""00"""," ""DUN_BARU"": null"," ""KODDM"": ""06"""," ""DM_BARU"": ""BUKIT BANGSAR"""," ""PENGUNDI_B"": 5091"," ""NAMA_LAMA"": ""121\/00\/06""																		"
"NAMA_DM: ""PANTAI DALAM"""," ""PAR_LAMA"": ""121"""," ""DUN_LAMA"": ""00"""," ""DM_LAMA"": ""11"""," ""PENGUNDI"": 4905"," ""KODPAR"": ""121"""," ""PAR_BARU"": ""LEMBAH PANTAI"""," ""KODDUN"": ""00"""," ""DUN_BARU"": null"," ""KODDM"": ""13"""," ""DM_BARU"": ""PANTAI DALAM"""," ""PENGUNDI_B"": 4988"," ""NAMA_LAMA"": ""121\/00\/11""																			"
"NAMA_DM: ""KAMPONG HAJI ABDULLAH HUKOM"""," ""PAR_LAMA"": ""121"""," ""DUN_LAMA"": ""00"""," ""DM_LAMA"": ""09"""," ""PENGUNDI"": 3409"," ""KODPAR"": ""121"""," ""PAR_BARU"": ""LEMBAH PANTAI"""," ""KODDUN"": ""00"""," ""DUN_BARU"": null"," ""KODDM"": ""08"""," ""DM_BARU"": ""KAMPONG HAJI ABDULLAH HUKOM"""," ""PENGUNDI_B"": 3330"," ""NAMA_LAMA"": ""121\/00\/09""											"
"NAMA_DM: ""BUKIT KERINCHI"""," ""PAR_LAMA"": ""121"""," ""DUN_LAMA"": ""00"""," ""DM_LAMA"": ""10"""," ""PENGUNDI"": 5358"," ""KODPAR"": ""121"""," ""PAR_BARU"": ""LEMBAH PANTAI"""," ""KODDUN"": ""00"""," ""DUN_BARU"": null"," ""KODDM"": ""09"""," ""DM_BARU"": ""BUKIT KERINCHI"""," ""PENGUNDI_B"": 5161"," ""NAMA_LAMA"": ""121\/00\/10""																		"
"NAMA_DM: ""PANTAI HILL PARK"""," ""PAR_LAMA"": ""121"""," ""DUN_LAMA"": ""00"""," ""DM_LAMA"": ""19"""," ""PENGUNDI"": 3032"," ""KODPAR"": ""121"""," ""PAR_BARU"": ""LEMBAH PANTAI"""," ""KODDUN"": ""00"""," ""DUN_BARU"": null"," ""KODDM"": ""10"""," ""DM_BARU"": ""PANTAI HILL PARK"""," ""PENGUNDI_B"": 3201"," ""NAMA_LAMA"": ""121\/00\/19""																	"
"NAMA_DM: ""TAMAN SRI SENTOSA SELATAN"""," ""PAR_LAMA"": ""121"""," ""DUN_LAMA"": ""00"""," ""DM_LAMA"": ""18"""," ""PENGUNDI"": 5477"," ""KODPAR"": ""122"""," ""PAR_BARU"": ""SRI PETALING"""," ""KODDUN"": ""00"""," ""DUN_BARU"": null"," ""KODDM"": ""20"""," ""DM_BARU"": ""TAMAN SRI SENTOSA SELATAN"""," ""PENGUNDI_B"": 5538"," ""NAMA_LAMA"": ""121\/00\/18""												"
"NAMA_DM: ""KAMPONG PANTAI HALT"""," ""PAR_LAMA"": ""121"""," ""DUN_LAMA"": ""00"""," ""DM_LAMA"": ""12"""," ""PENGUNDI"": 3661"," ""KODPAR"": ""121"""," ""PAR_BARU"": ""LEMBAH PANTAI"""," ""KODDUN"": ""00"""," ""DUN_BARU"": null"," ""KODDM"": ""12"""," ""DM_BARU"": ""KAMPONG PANTAI HALT"""," ""PENGUNDI_B"": 3984"," ""NAMA_LAMA"": ""121\/00\/12""															"
"NAMA_DM: ""TAMAN BUKIT ANGKASA"""," ""PAR_LAMA"": ""121"""," ""DUN_LAMA"": ""00"""," ""DM_LAMA"": ""13"""," ""PENGUNDI"": 6796"," ""KODPAR"": ""121"""," ""PAR_BARU"": ""LEMBAH PANTAI"""," ""KODDUN"": ""00"""," ""DUN_BARU"": null"," ""KODDM"": ""11"""," ""DM_BARU"": ""TAMAN BUKIT ANGKASA"""," ""PENGUNDI_B"": 6919"," ""NAMA_LAMA"": ""121\/00\/13""															"
"NAMA_DM: ""PETALING SELATAN"""," ""PAR_LAMA"": ""121"""," ""DUN_LAMA"": ""00"""," ""DM_LAMA"": ""14"""," ""PENGUNDI"": 5047"," ""KODPAR"": ""121"""," ""PAR_BARU"": ""LEMBAH PANTAI"""," ""KODDUN"": ""00"""," ""DUN_BARU"": null"," ""KODDM"": ""15"""," ""DM_BARU"": ""PETALING SELATAN"""," ""PENGUNDI_B"": 2199"," ""NAMA_LAMA"": ""121\/00\/14""																	"
"NAMA_DM: ""KAMPONG BOHOL"""," ""PAR_LAMA"": ""121"""," ""DUN_LAMA"": ""00"""," ""DM_LAMA"": ""17"""," ""PENGUNDI"": 1323"," ""KODPAR"": ""122"""," ""PAR_BARU"": ""SRI PETALING"""," ""KODDUN"": ""00"""," ""DUN_BARU"": null"," ""KODDM"": ""18"""," ""DM_BARU"": ""KAMPONG BOHOL"""," ""PENGUNDI_B"": 1154"," ""NAMA_LAMA"": ""121\/00\/17""																		"
"NAMA_DM: ""TAMAN SRI SENTOSA UTARA"""," ""PAR_LAMA"": ""121"""," ""DUN_LAMA"": ""00"""," ""DM_LAMA"": ""15"""," ""PENGUNDI"": 4494"," ""KODPAR"": ""122"""," ""PAR_BARU"": ""SRI PETALING"""," ""KODDUN"": ""00"""," ""DUN_BARU"": null"," ""KODDM"": ""19"""," ""DM_BARU"": ""TAMAN SRI SENTOSA UTARA"""," ""PENGUNDI_B"": 4155"," ""NAMA_LAMA"": ""121\/00\/15""													"
"NAMA_DM: ""KAMPONG BAHAGIA"""," ""PAR_LAMA"": ""121"""," ""DUN_LAMA"": ""00"""," ""DM_LAMA"": ""16"""," ""PENGUNDI"": 3135"," ""KODPAR"": ""122"""," ""PAR_BARU"": ""SRI PETALING"""," ""KODDUN"": ""00"""," ""DUN_BARU"": null"," ""KODDM"": ""21"""," ""DM_BARU"": ""KAMPONG BAHAGIA"""," ""PENGUNDI_B"": 3678"," ""NAMA_LAMA"": ""121\/00\/16""																	"
"NAMA_DM: ""SALAK TEMPATAN DALAM"""," ""PAR_LAMA"": ""122"""," ""DUN_LAMA"": ""00"""," ""DM_LAMA"": ""08"""," ""PENGUNDI"": 3565"," ""KODPAR"": ""120"""," ""PAR_BARU"": ""BUKIT BINTANG"""," ""KODDUN"": ""00"""," ""DUN_BARU"": null"," ""KODDM"": ""26"""," ""DM_BARU"": ""SALAK TEMPATAN DALAM"""," ""PENGUNDI_B"": 3496"," ""NAMA_LAMA"": ""122\/00\/08""															"
"NAMA_DM: ""KAMPONG PENGHULU MAT"""," ""PAR_LAMA"": ""122"""," ""DUN_LAMA"": ""00"""," ""DM_LAMA"": ""01"""," ""PENGUNDI"": 3798"," ""KODPAR"": ""120"""," ""PAR_BARU"": ""BUKIT BINTANG"""," ""KODDUN"": ""00"""," ""DUN_BARU"": null"," ""KODDM"": ""21"""," ""DM_BARU"": ""KAMPONG PENGHULU MAT"""," ""PENGUNDI_B"": 3595"," ""NAMA_LAMA"": ""122\/00\/01""															"
"NAMA_DM: ""SEPUTEH"""," ""PAR_LAMA"": ""122"""," ""DUN_LAMA"": ""00"""," ""DM_LAMA"": ""02"""," ""PENGUNDI"": 3864"," ""KODPAR"": ""120"""," ""PAR_BARU"": ""BUKIT BINTANG"""," ""KODDUN"": ""00"""," ""DUN_BARU"": null"," ""KODDM"": ""22"""," ""DM_BARU"": ""SEPUTEH"""," ""PENGUNDI_B"": 3110"," ""NAMA_LAMA"": ""122\/00\/02""																					"
"NAMA_DM: ""TAMAN DESA"""," ""PAR_LAMA"": ""122"""," ""DUN_LAMA"": ""00"""," ""DM_LAMA"": ""03"""," ""PENGUNDI"": 5136"," ""KODPAR"": ""120"""," ""PAR_BARU"": ""BUKIT BINTANG"""," ""KODDUN"": ""00"""," ""DUN_BARU"": null"," ""KODDM"": ""23"""," ""DM_BARU"": ""TAMAN DESA"""," ""PENGUNDI_B"": 5897"," ""NAMA_LAMA"": ""122\/00\/03""																				"
"NAMA_DM: ""SALAK SELATAN"""," ""PAR_LAMA"": ""122"""," ""DUN_LAMA"": ""00"""," ""DM_LAMA"": ""04"""," ""PENGUNDI"": 4777"," ""KODPAR"": ""120"""," ""PAR_BARU"": ""BUKIT BINTANG"""," ""KODDUN"": ""00"""," ""DUN_BARU"": null"," ""KODDM"": ""24"""," ""DM_BARU"": ""SALAK SELATAN"""," ""PENGUNDI_B"": 3424"," ""NAMA_LAMA"": ""122\/00\/04""																		"
"NAMA_DM: ""TAMAN SALAK SOUTH"""," ""PAR_LAMA"": ""122"""," ""DUN_LAMA"": ""00"""," ""DM_LAMA"": ""15"""," ""PENGUNDI"": 4322"," ""KODPAR"": ""122"""," ""PAR_BARU"": ""SRI PETALING"""," ""KODDUN"": ""00"""," ""DUN_BARU"": null"," ""KODDM"": ""08"""," ""DM_BARU"": ""TAMAN SALAK SOUTH"""," ""PENGUNDI_B"": 4171"," ""NAMA_LAMA"": ""122\/00\/15""																"
"NAMA_DM: ""KUCHAI"""," ""PAR_LAMA"": ""122"""," ""DUN_LAMA"": ""00"""," ""DM_LAMA"": ""05"""," ""PENGUNDI"": 2729"," ""KODPAR"": ""122"""," ""PAR_BARU"": ""SRI PETALING"""," ""KODDUN"": ""00"""," ""DUN_BARU"": null"," ""KODDM"": ""01"""," ""DM_BARU"": ""KUCHAI"""," ""PENGUNDI_B"": 1850"," ""NAMA_LAMA"": ""122\/00\/05""																						"
"NAMA_DM: ""SALAK TEMPATAN BUKIT"""," ""PAR_LAMA"": ""122"""," ""DUN_LAMA"": ""00"""," ""DM_LAMA"": ""09"""," ""PENGUNDI"": 2355"," ""KODPAR"": ""120"""," ""PAR_BARU"": ""BUKIT BINTANG"""," ""KODDUN"": ""00"""," ""DUN_BARU"": null"," ""KODDM"": ""28"""," ""DM_BARU"": ""SALAK TEMPATAN BUKIT"""," ""PENGUNDI_B"": 2212"," ""NAMA_LAMA"": ""122\/00\/09""															"
"NAMA_DM: ""SALAK TEMPATAN CHANGKAT"""," ""PAR_LAMA"": ""122"""," ""DUN_LAMA"": ""00"""," ""DM_LAMA"": ""07"""," ""PENGUNDI"": 2850"," ""KODPAR"": ""120"""," ""PAR_BARU"": ""BUKIT BINTANG"""," ""KODDUN"": ""00"""," ""DUN_BARU"": null"," ""KODDM"": ""27"""," ""DM_BARU"": ""SALAK TEMPATAN CHANGKAT"""," ""PENGUNDI_B"": 2768"," ""NAMA_LAMA"": ""122\/00\/07""													"
"NAMA_DM: ""TAMAN OVERSEAS UNION SELATAN"""," ""PAR_LAMA"": ""122"""," ""DUN_LAMA"": ""00"""," ""DM_LAMA"": ""21"""," ""PENGUNDI"": 4004"," ""KODPAR"": ""122"""," ""PAR_BARU"": ""SRI PETALING"""," ""KODDUN"": ""00"""," ""DUN_BARU"": null"," ""KODDM"": ""13"""," ""DM_BARU"": ""TAMAN OVERSEAS UNION SELATAN"""," ""PENGUNDI_B"": 3939"," ""NAMA_LAMA"": ""122\/00\/21""											"
"NAMA_DM: ""TAMAN YARL"""," ""PAR_LAMA"": ""122"""," ""DUN_LAMA"": ""00"""," ""DM_LAMA"": ""17"""," ""PENGUNDI"": 6920"," ""KODPAR"": ""122"""," ""PAR_BARU"": ""SRI PETALING"""," ""KODDUN"": ""00"""," ""DUN_BARU"": null"," ""KODDM"": ""14"""," ""DM_BARU"": ""TAMAN YARL"""," ""PENGUNDI_B"": 3921"," ""NAMA_LAMA"": ""122\/00\/17""																				"
"NAMA_DM: ""TAMAN OVERSEAS UNION UTARA"""," ""PAR_LAMA"": ""122"""," ""DUN_LAMA"": ""00"""," ""DM_LAMA"": ""18"""," ""PENGUNDI"": 3851"," ""KODPAR"": ""122"""," ""PAR_BARU"": ""SRI PETALING"""," ""KODDUN"": ""00"""," ""DUN_BARU"": null"," ""KODDM"": ""12"""," ""DM_BARU"": ""TAMAN OVERSEAS UNION UTARA"""," ""PENGUNDI_B"": 5227"," ""NAMA_LAMA"": ""122\/00\/18""												"
"NAMA_DM: ""TAMAN HAPPY TENGAH"""," ""PAR_LAMA"": ""122"""," ""DUN_LAMA"": ""00"""," ""DM_LAMA"": ""06"""," ""PENGUNDI"": 3034"," ""KODPAR"": ""122"""," ""PAR_BARU"": ""SRI PETALING"""," ""KODDUN"": ""00"""," ""DUN_BARU"": null"," ""KODDM"": ""04"""," ""DM_BARU"": ""TAMAN HAPPY TENGAH"""," ""PENGUNDI_B"": 2031"," ""NAMA_LAMA"": ""122\/00\/06""																"
"NAMA_DM: ""TAMAN SRI PETALING TIMUR"""," ""PAR_LAMA"": ""122"""," ""DUN_LAMA"": ""00"""," ""DM_LAMA"": ""10"""," ""PENGUNDI"": 3451"," ""KODPAR"": ""122"""," ""PAR_BARU"": ""SRI PETALING"""," ""KODDUN"": ""00"""," ""DUN_BARU"": null"," ""KODDM"": ""09"""," ""DM_BARU"": ""TAMAN SRI PETALING TIMUR"""," ""PENGUNDI_B"": 3298"," ""NAMA_LAMA"": ""122\/00\/10""													"
"NAMA_DM: ""BANDAR SRI PETALING"""," ""PAR_LAMA"": ""122"""," ""DUN_LAMA"": ""00"""," ""DM_LAMA"": ""20"""," ""PENGUNDI"": 5152"," ""KODPAR"": ""122"""," ""PAR_BARU"": ""SRI PETALING"""," ""KODDUN"": ""00"""," ""DUN_BARU"": null"," ""KODDM"": ""11"""," ""DM_BARU"": ""BANDAR SRI PETALING"""," ""PENGUNDI_B"": 5326"," ""NAMA_LAMA"": ""122\/00\/20""															"
"NAMA_DM: ""TAMAN SRI PETALING"""," ""PAR_LAMA"": ""122"""," ""DUN_LAMA"": ""00"""," ""DM_LAMA"": ""19"""," ""PENGUNDI"": 5136"," ""KODPAR"": ""122"""," ""PAR_BARU"": ""SRI PETALING"""," ""KODDUN"": ""00"""," ""DUN_BARU"": null"," ""KODDM"": ""10"""," ""DM_BARU"": ""TAMAN SRI PETALING"""," ""PENGUNDI_B"": 5279"," ""NAMA_LAMA"": ""122\/00\/19""																"
"NAMA_DM: ""TAMAN HAPPY SELATAN"""," ""PAR_LAMA"": ""122"""," ""DUN_LAMA"": ""00"""," ""DM_LAMA"": ""16"""," ""PENGUNDI"": 2179"," ""KODPAR"": ""122"""," ""PAR_BARU"": ""SRI PETALING"""," ""KODDUN"": ""00"""," ""DUN_BARU"": null"," ""KODDM"": ""05"""," ""DM_BARU"": ""TAMAN HAPPY SELATAN"""," ""PENGUNDI_B"": 3180"," ""NAMA_LAMA"": ""122\/00\/16""															"
"NAMA_DM: ""KUCHAI ENTREPRENEURS PARK"""," ""PAR_LAMA"": ""122"""," ""DUN_LAMA"": ""00"""," ""DM_LAMA"": ""22"""," ""PENGUNDI"": 5268"," ""KODPAR"": ""122"""," ""PAR_BARU"": ""SRI PETALING"""," ""KODDUN"": ""00"""," ""DUN_BARU"": null"," ""KODDM"": ""06"""," ""DM_BARU"": ""KUCHAI ENTREPRENEURS PARK"""," ""PENGUNDI_B"": 3100"," ""NAMA_LAMA"": ""122\/00\/22""												"
"NAMA_DM: ""PETALING UTARA"""," ""PAR_LAMA"": ""122"""," ""DUN_LAMA"": ""00"""," ""DM_LAMA"": ""13"""," ""PENGUNDI"": 7229"," ""KODPAR"": ""KL09"""," ""PAR_BARU"": null"," ""KODDUN"": ""N001"""," ""DUN_BARU"": null"," ""KODDM"": null"," ""DM_BARU"": ""PETALING UTARA"""," ""PENGUNDI_B"": 0"," ""NAMA_LAMA"": ""122\/00\/13""																				"
"NAMA_DM: ""TAMAN HAPPY UTARA"""," ""PAR_LAMA"": ""122"""," ""DUN_LAMA"": ""00"""," ""DM_LAMA"": ""14"""," ""PENGUNDI"": 6494"," ""KODPAR"": ""122"""," ""PAR_BARU"": ""SRI PETALING"""," ""KODDUN"": ""00"""," ""DUN_BARU"": null"," ""KODDM"": ""03"""," ""DM_BARU"": ""TAMAN HAPPY UTARA"""," ""PENGUNDI_B"": 6427"," ""NAMA_LAMA"": ""122\/00\/14""																"
"NAMA_DM: ""JALAN PASAR"""," ""PAR_LAMA"": ""123"""," ""DUN_LAMA"": ""00"""," ""DM_LAMA"": ""01"""," ""PENGUNDI"": 2582"," ""KODPAR"": ""123"""," ""PAR_BARU"": ""CHERAS"""," ""KODDUN"": ""00"""," ""DUN_BARU"": null"," ""KODDM"": ""01"""," ""DM_BARU"": ""JALAN PASAR"""," ""PENGUNDI_B"": 3089"," ""NAMA_LAMA"": ""123\/00\/01""																					"
"NAMA_DM: ""JALAN SAN PENG"""," ""PAR_LAMA"": ""123"""," ""DUN_LAMA"": ""00"""," ""DM_LAMA"": ""03"""," ""PENGUNDI"": 4643"," ""KODPAR"": ""123"""," ""PAR_BARU"": ""CHERAS"""," ""KODDUN"": ""00"""," ""DUN_BARU"": null"," ""KODDM"": ""02"""," ""DM_BARU"": ""JALAN SAN PENG"""," ""PENGUNDI_B"": 4484"," ""NAMA_LAMA"": ""123\/00\/03""																			"
"NAMA_DM: ""RUMAH PANGSA LOKE YEW"""," ""PAR_LAMA"": ""123"""," ""DUN_LAMA"": ""00"""," ""DM_LAMA"": ""02"""," ""PENGUNDI"": 3877"," ""KODPAR"": ""123"""," ""PAR_BARU"": ""CHERAS"""," ""KODDUN"": ""00"""," ""DUN_BARU"": null"," ""KODDM"": ""03"""," ""DM_BARU"": ""RUMAH PANGSA LOKE YEW"""," ""PENGUNDI_B"": 3733"," ""NAMA_LAMA"": ""123\/00\/02""																"
"NAMA_DM: ""JALAN LOKE YEW"""," ""PAR_LAMA"": ""123"""," ""DUN_LAMA"": ""00"""," ""DM_LAMA"": ""05"""," ""PENGUNDI"": 2981"," ""KODPAR"": ""123"""," ""PAR_BARU"": ""CHERAS"""," ""KODDUN"": ""00"""," ""DUN_BARU"": null"," ""KODDM"": ""05"""," ""DM_BARU"": ""JALAN LOKE YEW"""," ""PENGUNDI_B"": 2651"," ""NAMA_LAMA"": ""123\/00\/05""																			"
"NAMA_DM: ""JALAN CHAN SOW LIN"""," ""PAR_LAMA"": ""123"""," ""DUN_LAMA"": ""00"""," ""DM_LAMA"": ""11"""," ""PENGUNDI"": 2644"," ""KODPAR"": ""123"""," ""PAR_BARU"": ""CHERAS"""," ""KODDUN"": ""00"""," ""DUN_BARU"": null"," ""KODDM"": ""08"""," ""DM_BARU"": ""JALAN CHAN SOW LIN"""," ""PENGUNDI_B"": 2503"," ""NAMA_LAMA"": ""123\/00\/11""																	"
"NAMA_DM: ""KAMPONG LOKE YEW"""," ""PAR_LAMA"": ""123"""," ""DUN_LAMA"": ""00"""," ""DM_LAMA"": ""04"""," ""PENGUNDI"": 2173"," ""KODPAR"": ""123"""," ""PAR_BARU"": ""CHERAS"""," ""KODDUN"": ""00"""," ""DUN_BARU"": null"," ""KODDM"": ""04"""," ""DM_BARU"": ""KAMPONG LOKE YEW"""," ""PENGUNDI_B"": 2283"," ""NAMA_LAMA"": ""123\/00\/04""																		"
"NAMA_DM: ""JALAN SUNGAI BESI"""," ""PAR_LAMA"": ""123"""," ""DUN_LAMA"": ""00"""," ""DM_LAMA"": ""09"""," ""PENGUNDI"": 2774"," ""KODPAR"": ""123"""," ""PAR_BARU"": ""CHERAS"""," ""KODDUN"": ""00"""," ""DUN_BARU"": null"," ""KODDM"": ""07"""," ""DM_BARU"": ""JALAN SUNGAI BESI"""," ""PENGUNDI_B"": 2760"," ""NAMA_LAMA"": ""123\/00\/09""																		"
"NAMA_DM: ""PUDU HUJUNG"""," ""PAR_LAMA"": ""123"""," ""DUN_LAMA"": ""00"""," ""DM_LAMA"": ""06"""," ""PENGUNDI"": 1367"," ""KODPAR"": ""123"""," ""PAR_BARU"": ""CHERAS"""," ""KODDUN"": ""00"""," ""DUN_BARU"": null"," ""KODDM"": ""06"""," ""DM_BARU"": ""PUDU HUJUNG"""," ""PENGUNDI_B"": 1283"," ""NAMA_LAMA"": ""123\/00\/06""																					"
"NAMA_DM: ""PUDU ULU"""," ""PAR_LAMA"": ""123"""," ""DUN_LAMA"": ""00"""," ""DM_LAMA"": ""08"""," ""PENGUNDI"": 3470"," ""KODPAR"": ""123"""," ""PAR_BARU"": ""CHERAS"""," ""KODDUN"": ""00"""," ""DUN_BARU"": null"," ""KODDM"": ""11"""," ""DM_BARU"": ""PUDU ULU"""," ""PENGUNDI_B"": 3140"," ""NAMA_LAMA"": ""123\/00\/08""																						"
"NAMA_DM: ""TAMAN MIHARJA"""," ""PAR_LAMA"": ""123"""," ""DUN_LAMA"": ""00"""," ""DM_LAMA"": ""12"""," ""PENGUNDI"": 5042"," ""KODPAR"": ""123"""," ""PAR_BARU"": ""CHERAS"""," ""KODDUN"": ""00"""," ""DUN_BARU"": null"," ""KODDM"": ""10"""," ""DM_BARU"": ""TAMAN MIHARJA"""," ""PENGUNDI_B"": 4977"," ""NAMA_LAMA"": ""123\/00\/12""																				"
"NAMA_DM: ""TAYNTON VIEW"""," ""PAR_LAMA"": ""123"""," ""DUN_LAMA"": ""00"""," ""DM_LAMA"": ""18"""," ""PENGUNDI"": 3171"," ""KODPAR"": ""123"""," ""PAR_BARU"": ""CHERAS"""," ""KODDUN"": ""00"""," ""DUN_BARU"": null"," ""KODDM"": ""20"""," ""DM_BARU"": ""TAYNTON VIEW"""," ""PENGUNDI_B"": 3123"," ""NAMA_LAMA"": ""123\/00\/18""																				"
"NAMA_DM: ""JALAN CHERAS"""," ""PAR_LAMA"": ""123"""," ""DUN_LAMA"": ""00"""," ""DM_LAMA"": ""10"""," ""PENGUNDI"": 1202"," ""KODPAR"": ""123"""," ""PAR_BARU"": ""CHERAS"""," ""KODDUN"": ""00"""," ""DUN_BARU"": null"," ""KODDM"": ""09"""," ""DM_BARU"": ""JALAN CHERAS"""," ""PENGUNDI_B"": 1157"," ""NAMA_LAMA"": ""123\/00\/10""																				"
"NAMA_DM: ""KAMPONG CHERAS BATU 4"""," ""PAR_LAMA"": ""123"""," ""DUN_LAMA"": ""00"""," ""DM_LAMA"": ""13"""," ""PENGUNDI"": 2886"," ""KODPAR"": ""123"""," ""PAR_BARU"": ""CHERAS"""," ""KODDUN"": ""00"""," ""DUN_BARU"": null"," ""KODDM"": ""13"""," ""DM_BARU"": ""KAMPONG CHERAS BATU 4"""," ""PENGUNDI_B"": 3064"," ""NAMA_LAMA"": ""123\/00\/13""																"
"NAMA_DM: ""TAMAN SHAMELIN PERKASA"""," ""PAR_LAMA"": ""123"""," ""DUN_LAMA"": ""00"""," ""DM_LAMA"": ""20"""," ""PENGUNDI"": 3615"," ""KODPAR"": ""123"""," ""PAR_BARU"": ""CHERAS"""," ""KODDUN"": ""00"""," ""DUN_BARU"": null"," ""KODDM"": ""12"""," ""DM_BARU"": ""TAMAN SHAMELIN PERKASA"""," ""PENGUNDI_B"": 3479"," ""NAMA_LAMA"": ""123\/00\/20""															"
"NAMA_DM: ""TAMAN MUTIARA BARAT"""," ""PAR_LAMA"": ""123"""," ""DUN_LAMA"": ""00"""," ""DM_LAMA"": ""07"""," ""PENGUNDI"": 2349"," ""KODPAR"": ""123"""," ""PAR_BARU"": ""CHERAS"""," ""KODDUN"": ""00"""," ""DUN_BARU"": null"," ""KODDM"": ""19"""," ""DM_BARU"": ""TAMAN MUTIARA BARAT"""," ""PENGUNDI_B"": 2542"," ""NAMA_LAMA"": ""123\/00\/07""																	"
"NAMA_DM: ""TAMAN SEGAR"""," ""PAR_LAMA"": ""123"""," ""DUN_LAMA"": ""00"""," ""DM_LAMA"": ""16"""," ""PENGUNDI"": 5858"," ""KODPAR"": ""123"""," ""PAR_BARU"": ""CHERAS"""," ""KODDUN"": ""00"""," ""DUN_BARU"": null"," ""KODDM"": ""21"""," ""DM_BARU"": ""TAMAN SEGAR"""," ""PENGUNDI_B"": 6030"," ""NAMA_LAMA"": ""123\/00\/16""																					"
"NAMA_DM: ""TAMAN CHERAS"""," ""PAR_LAMA"": ""123"""," ""DUN_LAMA"": ""00"""," ""DM_LAMA"": ""21"""," ""PENGUNDI"": 5315"," ""KODPAR"": ""123"""," ""PAR_BARU"": ""CHERAS"""," ""KODDUN"": ""00"""," ""DUN_BARU"": null"," ""KODDM"": ""16"""," ""DM_BARU"": ""TAMAN CHERAS"""," ""PENGUNDI_B"": 5109"," ""NAMA_LAMA"": ""123\/00\/21""																				"
"NAMA_DM: ""TAMAN MIDAH KIRI"""," ""PAR_LAMA"": ""123"""," ""DUN_LAMA"": ""00"""," ""DM_LAMA"": ""17"""," ""PENGUNDI"": 3753"," ""KODPAR"": ""123"""," ""PAR_BARU"": ""CHERAS"""," ""KODDUN"": ""00"""," ""DUN_BARU"": null"," ""KODDM"": ""18"""," ""DM_BARU"": ""TAMAN MIDAH KIRI"""," ""PENGUNDI_B"": 3612"," ""NAMA_LAMA"": ""123\/00\/17""																		"
"NAMA_DM: ""CHERAS BARU"""," ""PAR_LAMA"": ""123"""," ""DUN_LAMA"": ""00"""," ""DM_LAMA"": ""14"""," ""PENGUNDI"": 4051"," ""KODPAR"": ""123"""," ""PAR_BARU"": ""CHERAS"""," ""KODDUN"": ""00"""," ""DUN_BARU"": null"," ""KODDM"": ""15"""," ""DM_BARU"": ""CHERAS BARU"""," ""PENGUNDI_B"": 4019"," ""NAMA_LAMA"": ""123\/00\/14""																					"
"NAMA_DM: ""BUKIT A CHERAS BARU"""," ""PAR_LAMA"": ""123"""," ""DUN_LAMA"": ""00"""," ""DM_LAMA"": ""19"""," ""PENGUNDI"": 3035"," ""KODPAR"": ""123"""," ""PAR_BARU"": ""CHERAS"""," ""KODDUN"": ""00"""," ""DUN_BARU"": null"," ""KODDM"": ""14"""," ""DM_BARU"": ""BUKIT A CHERAS BARU"""," ""PENGUNDI_B"": 2844"," ""NAMA_LAMA"": ""123\/00\/19""																	"
"NAMA_DM: ""TAMAN MIDAH KANAN"""," ""PAR_LAMA"": ""123"""," ""DUN_LAMA"": ""00"""," ""DM_LAMA"": ""15"""," ""PENGUNDI"": 5875"," ""KODPAR"": ""123"""," ""PAR_BARU"": ""CHERAS"""," ""KODDUN"": ""00"""," ""DUN_BARU"": null"," ""KODDM"": ""17"""," ""DM_BARU"": ""TAMAN MIDAH KANAN"""," ""PENGUNDI_B"": 5633"," ""NAMA_LAMA"": ""123\/00\/15""																		"
"NAMA_DM: ""SRI KOTA"""," ""PAR_LAMA"": ""124"""," ""DUN_LAMA"": ""00"""," ""DM_LAMA"": ""07"""," ""PENGUNDI"": 4452"," ""KODPAR"": ""124"""," ""PAR_BARU"": ""BANDAR TUN RAZAK"""," ""KODDUN"": ""00"""," ""DUN_BARU"": null"," ""KODDM"": ""09"""," ""DM_BARU"": ""SRI KOTA"""," ""PENGUNDI_B"": 4530"," ""NAMA_LAMA"": ""124\/00\/07""																				"
"NAMA_DM: ""RUMAH PANGSA SRI JOHOR CHERAS"""," ""PAR_LAMA"": ""124"""," ""DUN_LAMA"": ""00"""," ""DM_LAMA"": ""01"""," ""PENGUNDI"": 6996"," ""KODPAR"": ""124"""," ""PAR_BARU"": ""BANDAR TUN RAZAK"""," ""KODDUN"": ""00"""," ""DUN_BARU"": null"," ""KODDM"": ""01"""," ""DM_BARU"": ""RUMAH PANGSA SRI JOHOR CHERAS"""," ""PENGUNDI_B"": 6912"," ""NAMA_LAMA"": ""124\/00\/01""									"
"NAMA_DM: ""RUMAH PANGSA SRI PULAU PINANG CHERAS"""," ""PAR_LAMA"": ""124"""," ""DUN_LAMA"": ""00"""," ""DM_LAMA"": ""02"""," ""PENGUNDI"": 3616"," ""KODPAR"": ""124"""," ""PAR_BARU"": ""BANDAR TUN RAZAK"""," ""KODDUN"": ""00"""," ""DUN_BARU"": null"," ""KODDM"": ""02"""," ""DM_BARU"": ""RUMAH PANGSA SRI PULAU PINANG CHERAS"""," ""PENGUNDI_B"": 3091"," ""NAMA_LAMA"": ""124\/00\/02""						"
"NAMA_DM: ""RUMAH PANGSA SRI SABAH CHERAS"""," ""PAR_LAMA"": ""124"""," ""DUN_LAMA"": ""00"""," ""DM_LAMA"": ""03"""," ""PENGUNDI"": 5280"," ""KODPAR"": ""124"""," ""PAR_BARU"": ""BANDAR TUN RAZAK"""," ""KODDUN"": ""00"""," ""DUN_BARU"": null"," ""KODDM"": ""03"""," ""DM_BARU"": ""RUMAH PANGSA SRI SABAH CHERAS"""," ""PENGUNDI_B"": 5278"," ""NAMA_LAMA"": ""124\/00\/03""									"
"NAMA_DM: ""TAMAN IKAN EMAS"""," ""PAR_LAMA"": ""124"""," ""DUN_LAMA"": ""00"""," ""DM_LAMA"": ""04"""," ""PENGUNDI"": 3070"," ""KODPAR"": ""124"""," ""PAR_BARU"": ""BANDAR TUN RAZAK"""," ""KODDUN"": ""00"""," ""DUN_BARU"": null"," ""KODDM"": ""04"""," ""DM_BARU"": ""TAMAN IKAN EMAS"""," ""PENGUNDI_B"": 3486"," ""NAMA_LAMA"": ""124\/00\/04""																"
"NAMA_DM: ""BATU 3 - 4 JALAN CHERAS"""," ""PAR_LAMA"": ""124"""," ""DUN_LAMA"": ""00"""," ""DM_LAMA"": ""05"""," ""PENGUNDI"": 1682"," ""KODPAR"": ""123"""," ""PAR_BARU"": ""CHERAS"""," ""KODDUN"": ""00"""," ""DUN_BARU"": null"," ""KODDM"": ""24"""," ""DM_BARU"": ""BATU 3 - 4 JALAN CHERAS"""," ""PENGUNDI_B"": 1582"," ""NAMA_LAMA"": ""124\/00\/05""															"
"NAMA_DM: ""RUMAH PANGSA SRI MELAKA CHERAS"""," ""PAR_LAMA"": ""124"""," ""DUN_LAMA"": ""00"""," ""DM_LAMA"": ""06"""," ""PENGUNDI"": 4647"," ""KODPAR"": ""124"""," ""PAR_BARU"": ""BANDAR TUN RAZAK"""," ""KODDUN"": ""00"""," ""DUN_BARU"": null"," ""KODDM"": ""05"""," ""DM_BARU"": ""RUMAH PANGSA SRI MELAKA CHERAS"""," ""PENGUNDI_B"": 4654"," ""NAMA_LAMA"": ""124\/00\/06""									"
"NAMA_DM: ""RUMAH PANGSA SRI LABUAN CHERAS"""," ""PAR_LAMA"": ""124"""," ""DUN_LAMA"": ""00"""," ""DM_LAMA"": ""08"""," ""PENGUNDI"": 4004"," ""KODPAR"": ""124"""," ""PAR_BARU"": ""BANDAR TUN RAZAK"""," ""KODDUN"": ""00"""," ""DUN_BARU"": null"," ""KODDM"": ""08"""," ""DM_BARU"": ""RUMAH PANGSA SRI LABUAN CHERAS"""," ""PENGUNDI_B"": 3976"," ""NAMA_LAMA"": ""124\/00\/08""									"
"NAMA_DM: ""BUKIT JALIL"""," ""PAR_LAMA"": ""124"""," ""DUN_LAMA"": ""00"""," ""DM_LAMA"": ""12"""," ""PENGUNDI"": 1597"," ""KODPAR"": ""122"""," ""PAR_BARU"": ""SRI PETALING"""," ""KODDUN"": ""00"""," ""DUN_BARU"": null"," ""KODDM"": ""17"""," ""DM_BARU"": ""BUKIT JALIL"""," ""PENGUNDI_B"": 2065"," ""NAMA_LAMA"": ""124\/00\/12""																			"
"NAMA_DM: ""DESA PETALING"""," ""PAR_LAMA"": ""124"""," ""DUN_LAMA"": ""00"""," ""DM_LAMA"": ""09"""," ""PENGUNDI"": 3521"," ""KODPAR"": ""124"""," ""PAR_BARU"": ""BANDAR TUN RAZAK"""," ""KODDUN"": ""00"""," ""DUN_BARU"": null"," ""KODDM"": ""12"""," ""DM_BARU"": ""DESA PETALING"""," ""PENGUNDI_B"": 3665"," ""NAMA_LAMA"": ""124\/00\/09""																	"
"NAMA_DM: ""BANDAR TUN RAZAK"""," ""PAR_LAMA"": ""124"""," ""DUN_LAMA"": ""00"""," ""DM_LAMA"": ""10"""," ""PENGUNDI"": 4684"," ""KODPAR"": ""124"""," ""PAR_BARU"": ""BANDAR TUN RAZAK"""," ""KODDUN"": ""00"""," ""DUN_BARU"": null"," ""KODDM"": ""11"""," ""DM_BARU"": ""BANDAR TUN RAZAK"""," ""PENGUNDI_B"": 4594"," ""NAMA_LAMA"": ""124\/00\/10""																"
"NAMA_DM: ""TAMAN CONNAUGHT"""," ""PAR_LAMA"": ""124"""," ""DUN_LAMA"": ""00"""," ""DM_LAMA"": ""11"""," ""PENGUNDI"": 5094"," ""KODPAR"": ""KL11"""," ""PAR_BARU"": null"," ""KODDUN"": ""N001"""," ""DUN_BARU"": null"," ""KODDM"": null"," ""DM_BARU"": ""TAMAN CONNAUGHT"""," ""PENGUNDI_B"": 0"," ""NAMA_LAMA"": ""124\/00\/11""																				"
"NAMA_DM: ""KAMPONG SUNGAI BESI"""," ""PAR_LAMA"": ""124"""," ""DUN_LAMA"": ""00"""," ""DM_LAMA"": ""13"""," ""PENGUNDI"": 4038"," ""KODPAR"": ""122"""," ""PAR_BARU"": ""SRI PETALING"""," ""KODDUN"": ""00"""," ""DUN_BARU"": null"," ""KODDM"": ""16"""," ""DM_BARU"": ""KAMPONG SUNGAI BESI"""," ""PENGUNDI_B"": 3318"," ""NAMA_LAMA"": ""124\/00\/13""															"
"NAMA_DM: ""PEKAN SUNGAI BESI"""," ""PAR_LAMA"": ""124"""," ""DUN_LAMA"": ""00"""," ""DM_LAMA"": ""14"""," ""PENGUNDI"": 1849"," ""KODPAR"": ""124"""," ""PAR_BARU"": ""BANDAR TUN RAZAK"""," ""KODDUN"": ""00"""," ""DUN_BARU"": null"," ""KODDM"": ""20"""," ""DM_BARU"": ""PEKAN SUNGAI BESI"""," ""PENGUNDI_B"": 2169"," ""NAMA_LAMA"": ""124\/00\/14""															"
"NAMA_DM: ""TAMAN LEN SEN"""," ""PAR_LAMA"": ""124"""," ""DUN_LAMA"": ""00"""," ""DM_LAMA"": ""16"""," ""PENGUNDI"": 4563"," ""KODPAR"": ""124"""," ""PAR_BARU"": ""BANDAR TUN RAZAK"""," ""KODDUN"": ""00"""," ""DUN_BARU"": null"," ""KODDM"": ""17"""," ""DM_BARU"": ""TAMAN LEN SEN"""," ""PENGUNDI_B"": 5361"," ""NAMA_LAMA"": ""124\/00\/16""																	"
"NAMA_DM: ""KEM TENTERA"""," ""PAR_LAMA"": ""124"""," ""DUN_LAMA"": ""00"""," ""DM_LAMA"": ""15"""," ""PENGUNDI"": 6376"," ""KODPAR"": ""124"""," ""PAR_BARU"": ""BANDAR TUN RAZAK"""," ""KODDUN"": ""00"""," ""DUN_BARU"": null"," ""KODDM"": ""18"""," ""DM_BARU"": ""KEM TENTERA"""," ""PENGUNDI_B"": 5974"," ""NAMA_LAMA"": ""124\/00\/15""																		"
"NAMA_DM: ""TAMAN MULIA"""," ""PAR_LAMA"": ""124"""," ""DUN_LAMA"": ""00"""," ""DM_LAMA"": ""18"""," ""PENGUNDI"": 5812"," ""KODPAR"": ""124"""," ""PAR_BARU"": ""BANDAR TUN RAZAK"""," ""KODDUN"": ""00"""," ""DUN_BARU"": null"," ""KODDM"": ""10"""," ""DM_BARU"": ""TAMAN MULIA"""," ""PENGUNDI_B"": 4590"," ""NAMA_LAMA"": ""124\/00\/18""																		"
"NAMA_DM: ""TAMAN BUKIT CHERAS"""," ""PAR_LAMA"": ""124"""," ""DUN_LAMA"": ""00"""," ""DM_LAMA"": ""17"""," ""PENGUNDI"": 2592"," ""KODPAR"": ""124"""," ""PAR_BARU"": ""BANDAR TUN RAZAK"""," ""KODDUN"": ""00"""," ""DUN_BARU"": null"," ""KODDM"": ""15"""," ""DM_BARU"": ""TAMAN BUKIT CHERAS"""," ""PENGUNDI_B"": 1918"," ""NAMA_LAMA"": ""124\/00\/17""															"
"NAMA_DM: ""TAMAN BUKIT ANGGERIK"""," ""PAR_LAMA"": ""124"""," ""DUN_LAMA"": ""00"""," ""DM_LAMA"": ""19"""," ""PENGUNDI"": 3842"," ""KODPAR"": ""124"""," ""PAR_BARU"": ""BANDAR TUN RAZAK"""," ""KODDUN"": ""00"""," ""DUN_BARU"": null"," ""KODDM"": ""16"""," ""DM_BARU"": ""TAMAN BUKIT ANGGERIK"""," ""PENGUNDI_B"": 3809"," ""NAMA_LAMA"": ""124\/00\/19""														"
"NAMA_DM: ""BANDAR SRI PERMAISURI"""," ""PAR_LAMA"": ""124"""," ""DUN_LAMA"": ""00"""," ""DM_LAMA"": ""22"""," ""PENGUNDI"": 3251"," ""KODPAR"": ""124"""," ""PAR_BARU"": ""BANDAR TUN RAZAK"""," ""KODDUN"": ""00"""," ""DUN_BARU"": null"," ""KODDM"": ""07"""," ""DM_BARU"": ""BANDAR SRI PERMAISURI"""," ""PENGUNDI_B"": 2951"," ""NAMA_LAMA"": ""124\/00\/22""													"
"NAMA_DM: ""DESA TUN RAZAK"""," ""PAR_LAMA"": ""124"""," ""DUN_LAMA"": ""00"""," ""DM_LAMA"": ""23"""," ""PENGUNDI"": 2382"," ""KODPAR"": ""124"""," ""PAR_BARU"": ""BANDAR TUN RAZAK"""," ""KODDUN"": ""00"""," ""DUN_BARU"": null"," ""KODDM"": ""14"""," ""DM_BARU"": ""DESA TUN RAZAK"""," ""PENGUNDI_B"": 2457"," ""NAMA_LAMA"": ""124\/00\/23""																	"
"NAMA_DM: ""KAMPUNG MALAYSIA"""," ""PAR_LAMA"": ""124"""," ""DUN_LAMA"": ""00"""," ""DM_LAMA"": ""20"""," ""PENGUNDI"": 3727"," ""KODPAR"": ""124"""," ""PAR_BARU"": ""BANDAR TUN RAZAK"""," ""KODDUN"": ""00"""," ""DUN_BARU"": null"," ""KODDM"": ""13"""," ""DM_BARU"": ""KAMPUNG MALAYSIA"""," ""PENGUNDI_B"": 3618"," ""NAMA_LAMA"": ""124\/00\/20""																"
"NAMA_DM: ""BANDAR TASIK SELATAN"""," ""PAR_LAMA"": ""124"""," ""DUN_LAMA"": ""00"""," ""DM_LAMA"": ""21"""," ""PENGUNDI"": 4061"," ""KODPAR"": ""124"""," ""PAR_BARU"": ""BANDAR TUN RAZAK"""," ""KODDUN"": ""00"""," ""DUN_BARU"": null"," ""KODDM"": ""19"""," ""DM_BARU"": ""BANDAR TASIK SELATAN"""," ""PENGUNDI_B"": 4415"," ""NAMA_LAMA"": ""124\/00\/21""														"
"NAMA_DM: ""TAMAN TUN DR ISMAIL TIMUR"""," ""PAR_LAMA"": ""117"""," ""DUN_LAMA"": ""00"""," ""DM_LAMA"": ""21"""," ""PENGUNDI"": 3225"," ""KODPAR"": ""117"""," ""PAR_BARU"": ""SEGAMBUT"""," ""KODDUN"": ""00"""," ""DUN_BARU"": null"," ""KODDM"": ""20"""," ""DM_BARU"": ""TAMAN TUN DR ISMAIL TIMUR"""," ""PENGUNDI_B"": 3165"," ""NAMA_LAMA"": ""117\/00\/21""													"
"NAMA_DM: ""TAMAN TUN DR ISMAIL TENGAH"""," ""PAR_LAMA"": ""117"""," ""DUN_LAMA"": ""00"""," ""DM_LAMA"": ""19"""," ""PENGUNDI"": 3745"," ""KODPAR"": ""117"""," ""PAR_BARU"": ""SEGAMBUT"""," ""KODDUN"": ""00"""," ""DUN_BARU"": null"," ""KODDM"": ""22"""," ""DM_BARU"": ""TAMAN TUN DR ISMAIL TENGAH"""," ""PENGUNDI_B"": 3776"," ""NAMA_LAMA"": ""117\/00\/19""													"
"NAMA_DM: ""DUTAMAS"""," ""PAR_LAMA"": ""117"""," ""DUN_LAMA"": ""00"""," ""DM_LAMA"": ""22"""," ""PENGUNDI"": 2189"," ""KODPAR"": ""117"""," ""PAR_BARU"": ""SEGAMBUT"""," ""KODDUN"": ""00"""," ""DUN_BARU"": null"," ""KODDM"": ""12"""," ""DM_BARU"": ""DUTAMAS"""," ""PENGUNDI_B"": 2960"," ""NAMA_LAMA"": ""117\/00\/22""																						"
"DUN_LAMA: ""00"""," ""DM_LAMA"": ""20"""," ""PENGUNDI"": 3531"," ""KODPAR"": ""117"""," ""PAR_BARU"": ""SEGAMBUT"""," ""KODDUN"": ""00"""," ""DUN_BARU"": null"," ""KODDM"": ""02"""," ""DM_BARU"": ""TAMAN BUKIT MALURI SELATAN"""," ""PENGUNDI_B"": 3422"," ""NAMA_LAMA"": ""117\/00\/20""																												",,
